Category,Subcategory,Sub-Subcategory,Sub-Sub-Subcategory,Code
Automotive,Car Audio,Car Amplifiers,,Car_Amplifiers
Automotive,Car Audio,Car Speaker Boxes,,Car_Speaker_Boxes
Automotive,Car Audio,Car Speakers,,Car_Speakers
Automotive,Car Audio,Car Stereos,,Car_Stereos
Automotive,Car Audio,Car Subwoofers,,Car_Subwoofers
Automotive,Car Audio,Satellite Radio,,Satellite_Radio
Automotive,Mobile Electronics,Car Alarm Systems,,Car_Alarm_Systems
Automotive,Mobile Electronics,Car Video Monitors,,Car_Video_Monitors
Automotive,Mobile Electronics,Fish Finders,,Fish_Finders
Automotive,Mobile Electronics,GPS Map Software,,GPS_Map_Software
Automotive,Mobile Electronics,Handheld GPS Units,,Handheld_GPS_Units
Automotive,Mobile Electronics,Keyless Entry,,Keyless_Entry
Automotive,Mobile Electronics,Marine GPS Units,,Marine_GPS_Units
Automotive,Mobile Electronics,Radar Detectors,,Radar_Detectors
Automotive,Mobile Electronics,Remote Starters,,Remote_Starters
Automotive,Mobile Electronics,Remote Transmitters,,Remote_Transmitters
Automotive,Mobile Electronics,Vehicle Cameras,,Vehicle_Cameras
Automotive,Vehicle Parts and Accessories,Automotive Lighting,,Automotive_Lighting
Automotive,Vehicle Parts and Accessories,Carriers and Cargo Bags,,Carriers_and_Cargo_Bags
Automotive,Vehicle Parts and Accessories,Garage Door Openers,,Garage_Door_Openers
Automotive,Vehicle Parts and Accessories,Hitch Ball Mounts,,Hitch_Ball_Mounts
Automotive,Vehicle Parts and Accessories,Hitch Balls,,Hitch_Balls
Automotive,Vehicle Parts and Accessories,Hitch Covers,,Hitch_Covers
Automotive,Vehicle Parts and Accessories,License Plate Frames,,License_Plate_Frames
Automotive,Vehicle Parts and Accessories,Tonneau Covers,,Tonneau_Covers
Automotive,Vehicle Parts and Accessories,Vehicle Audio-Video-Security Installation Parts,,Vehicle_Audio_Video_Security_Installation_Parts
Automotive,Vehicle Parts and Accessories,Vehicle Covers,,Vehicle_Covers
Automotive,Vehicle Parts and Accessories,Vehicle Diagnostic Testers,,Vehicle_Diagnostic_Testers
Automotive,Vehicle Parts and Accessories,Vehicle Door Protectors,,Vehicle_Door_Protectors
Automotive,Vehicle Parts and Accessories,Vehicle Floor Liners and Mats,,Vehicle_Floor_Liners_and_Mats
Automotive,Vehicle Parts and Accessories,Vehicle Interior Barriers and Partitions,,Vehicle_Interior_Barriers_and_Partitions
Automotive,Vehicle Parts and Accessories,Vehicle Loading Lifts and Ramps,,Vehicle_Loading_Lifts_and_Ramps
Automotive,Vehicle Parts and Accessories,Vehicle Organizers,,Vehicle_Organizers
Automotive,Vehicle Parts and Accessories,Vehicle Parking Mats,,Vehicle_Parking_Mats
Automotive,Vehicle Parts and Accessories,Vehicle Seat Covers and Protectors,,Vehicle_Seat_Covers_and_Protectors
Automotive,Vehicle Parts and Accessories,Vehicle Window Shades,,Vehicle_Window_Shades
Batteries and Power,Batteries and Chargers,Batteries,,Batteries
Batteries and Power,Batteries and Chargers,Battery Grips,,Battery_Grips
Batteries and Power,Batteries and Chargers,Electric Vehicle Chargers,,Electric_Vehicle_Chargers
Batteries and Power,Batteries and Chargers,General Battery Chargers,,General_Battery_Chargers
Batteries and Power,Batteries and Chargers,Portable Power Packs,,Portable_Power_Packs
Batteries and Power,Batteries and Chargers,Power Adapters and Chargers,,Power_Adapters_and_Chargers
Batteries and Power,Batteries and Chargers,UPS Battery Backup Devices,,UPS_Battery_Backup_Devices
Batteries and Power,Batteries and Chargers,Vehicle Battery Chargers and Jump Starters,,Vehicle_Battery_Chargers_and_Jump_Starters
Batteries and Power,Electrical Connection and Distribution,Battery Testers,,Battery_Testers
Batteries and Power,Electrical Connection and Distribution,Circuit Breakers,,Circuit_Breakers
Batteries and Power,Electrical Connection and Distribution,Electrical Outlets,,Electrical_Outlets
Batteries and Power,Electrical Connection and Distribution,Electrical Plugs,,Electrical_Plugs
Batteries and Power,Electrical Connection and Distribution,Electrical Switches,,Electrical_Switches
Batteries and Power,Electrical Connection and Distribution,Extension Cords,,Extension_Cords
Batteries and Power,Electrical Connection and Distribution,Fuses,,Fuses
Batteries and Power,Electrical Connection and Distribution,Outlet and Switch Wall Plates,,Outlet_and_Switch_Wall_Plates
Batteries and Power,Electrical Connection and Distribution,Plugs and Connectors,,Plugs_and_Connectors
Batteries and Power,Electrical Connection and Distribution,Power Centers,,Power_Centers
Batteries and Power,Electrical Connection and Distribution,Power Converters,,Power_Converters
Batteries and Power,Electrical Connection and Distribution,Power Inverters,,Power_Inverters
Batteries and Power,Electrical Connection and Distribution,Power Strips,,Power_Strips
Batteries and Power,Electrical Connection and Distribution,Surge Protectors,,Surge_Protectors
Batteries and Power,Electrical Connection and Distribution,Travel Power Adapters,,Travel_Power_Adapters
Batteries and Power,Electrical Generation,Battery Powered Portable Generators,,Battery_Powered_Portable_Generators
Batteries and Power,Electrical Generation,Gas Powered Portable Generators,,Gas_Powered_Portable_Generators
Batteries and Power,Electrical Generation,Solar Power Panels and Kits,,Solar_Power_Panels_and_Kits
Beverages and Food,Beverages,"Coffee, Tea, and Cocoa",,Coffee_Tea_and_Cocoa
Beverages and Food,Food,Prepared/Preserved Foods,Meals Not Ready to Eat,Meals_Not_Ready_To_Eat
Clothing and Accessories,Clothing Accessories,Caps and Hats,,Caps_and_Hats
Clothing and Accessories,Clothing Accessories,Patches,,Patches
Clothing and Accessories,Costumes and Accessories,Adult Costumes,,Adult_Costumes
Clothing and Accessories,Costumes and Accessories,Baby and Child Costumes,,Baby_and_Child_Costumes
Clothing and Accessories,Jewelry,Anklets and Bracelets,,Anklets_and_Bracelets
Clothing and Accessories,Jewelry,Brooches and Decorative Pins,,Brooches_and_Decorative_Pins
Clothing and Accessories,Jewelry,Cuff Links,,Cuff_Links
Clothing and Accessories,Jewelry,Earrings and Body-Piercing Jewelry,,Earrings_and_Body_Piercing_Jewelry
Clothing and Accessories,Jewelry,Necklaces,,Necklaces
Clothing and Accessories,Jewelry,Rings,,Rings
Clothing and Accessories,Jewelry,Watches,,Watches
Clothing and Accessories,Lower Body Wear,Pants,,Pants
Clothing and Accessories,Lower Body Wear,Shorts,,Shorts
Clothing and Accessories,Shoes,,,Shoes
Clothing and Accessories,Upper Body Wear,Jackets,,Jackets
Clothing and Accessories,Upper Body Wear,Shirts,,Shirts
Electronics,Audio and Video,Audio and Video Accessories,3D Emitters,Emitters_3D
Electronics,Audio and Video,Audio and Video Accessories,3D Glasses,Glasses_3D
Electronics,Audio and Video,Audio and Video Accessories,Antennas,Antennas
Electronics,Audio and Video,Audio and Video Accessories,AV Signal Extenders,AV_Signal_Extenders
Electronics,Audio and Video,Audio and Video Accessories,Bluetooth Adapters,Bluetooth_Adapters
Electronics,Audio and Video,Audio and Video Accessories,Bluetooth and FM Transmitters,Bluetooth_and_FM_Transmitters
Electronics,Audio and Video,Audio and Video Accessories,Distribution Amplifiers,Distribution_Amplifiers
Electronics,Audio and Video,Audio and Video Accessories,DTV Converter Boxes,DTV_Converter_Boxes
Electronics,Audio and Video,Audio and Video Accessories,Headphone Accessories,Headphone_Accessories
Electronics,Audio and Video,Audio and Video Accessories,Headphone Amplifiers,Headphone_Amplifiers
Electronics,Audio and Video,Audio and Video Accessories,Headphone Cases,Headphone_Cases
Electronics,Audio and Video,Audio and Video Accessories,Monitor and Television Screen Protectors,Monitor_and_Television_Screen_Protectors
Electronics,Audio and Video,Audio and Video Accessories,MP3 Player Cases,MP3_Player_Cases
Electronics,Audio and Video,Audio and Video Accessories,MP3 Player Docks,MP3_Player_Docks
Electronics,Audio and Video,Audio and Video Accessories,MP3 Player Mounts,MP3_Player_Mounts
Electronics,Audio and Video,Audio and Video Accessories,MP3 Player Screen Protectors,MP3_Player_Screen_Protectors
Electronics,Audio and Video,Audio and Video Accessories,"Multimedia Binders, Cases, and Sleeves",Multimedia_Binders_Cases_and_Sleeves
Electronics,Audio and Video,Audio and Video Accessories,Phonograph and Turntable Accessories,Phonograph_and_Turntable_Accessories
Electronics,Audio and Video,Audio and Video Accessories,Phonograph Cartridges and Styluses,Phonograph_Cartridges_and_Styluses
Electronics,Audio and Video,Audio and Video Accessories,Projector Screens,Projector_Screens
Electronics,Audio and Video,Audio and Video Accessories,Remote Controls,Remote_Controls
Electronics,Audio and Video,Audio and Video Accessories,Selector Switch Boxes,Selector_Switch_Boxes
Electronics,Audio and Video,Audio and Video Accessories,Signal Boosters,Signal_Boosters
Electronics,Audio and Video,Audio and Video Accessories,Signal Converters,Signal_Converters
Electronics,Audio and Video,Audio and Video Accessories,Television Covers,Television_Covers
Electronics,Audio and Video,Audio and Video Accessories,USB Interfaces,USB_Interfaces
Electronics,Audio and Video,Audio and Video Accessories,Volume Controllers,Volume_Controllers
Electronics,Audio and Video,Audio and Video Components,Amplifiers,Amplifiers
Electronics,Audio and Video,Audio and Video Components,CD Players,CD_Players
Electronics,Audio and Video,Audio and Video Components,Compact and Shelf Stereo Systems,Compact_and_Shelf_Stereo_Systems
Electronics,Audio and Video,Audio and Video Components,DVD and Blu-Ray Players,DVD_and_Blu_Ray_Players
Electronics,Audio and Video,Audio and Video Components,DVD Recorders,DVD_Recorders
Electronics,Audio and Video,Audio and Video Components,Effects Processors,Effects_Processors
Electronics,Audio and Video,Audio and Video Components,Equalizers,Equalizers
Electronics,Audio and Video,Audio and Video Components,Home Theater Digital Video Recorders,Home_Theater_Digital_Video_Recorders
Electronics,Audio and Video,Audio and Video Components,Mixing Boards,Mixing_Boards
Electronics,Audio and Video,Audio and Video Components,Network Music Players,Network_Music_Players
Electronics,Audio and Video,Audio and Video Components,Portable DVD Players,Portable_DVD_Players
Electronics,Audio and Video,Audio and Video Components,Portable TVs and Video,Portable_TVs_and_Video
Electronics,Audio and Video,Audio and Video Components,Preamps and Processors,Preamps_and_Processors
Electronics,Audio and Video,Audio and Video Components,Radio Tuners,Radio_Tuners
Electronics,Audio and Video,Audio and Video Components,Receivers,Receivers
Electronics,Audio and Video,Audio and Video Components,Streaming Media Players,Streaming_Media_Players
Electronics,Audio and Video,Audio and Video Components,Turntables,Turntables
Electronics,Audio and Video,Audio and Video Components,Voice Activated Assistants,Voice_Activated_Assistants
Electronics,Audio and Video,Audio and Video Mounting,Monitor and Television Frames,Monitor_and_Television_Frames
Electronics,Audio and Video,Audio and Video Mounting,Monitor and Television Mounts,Monitor_and_Television_Mounts
Electronics,Audio and Video,Audio and Video Mounting,Monitor Stands,Monitor_Stands
Electronics,Audio and Video,Audio and Video Mounting,Mounting Accessories,Mounting_Accessories
Electronics,Audio and Video,Audio and Video Mounting,Projector Mounts,Projector_Mounts
Electronics,Audio and Video,Audio and Video Mounting,Speaker Adapters and Brackets,Speaker_Adapters_and_Brackets
Electronics,Audio and Video,Audio and Video Mounting,Speaker and Subwoofer Accessories,Speaker_and_Subwoofer_Accessories
Electronics,Audio and Video,Audio and Video Mounting,Speaker Enclosures and Grilles,Speaker_Enclosures_and_Grilles
Electronics,Audio and Video,Audio and Video Mounting,Speaker Mounts,Speaker_Mounts
Electronics,Audio and Video,Audio and Video Mounting,Speaker Stands,Speaker_Stands
Electronics,Audio and Video,Audio and Video Mounting,TV Stands and Entertainment Centers,TV_Stands_and_Entertainment_Centers
Electronics,Audio and Video,Audio and Video Mounting,Voice Activated Assistant Mounts and Stands,Voice_Activated_Assistant_Mounts_and_Stands
Electronics,Audio and Video,Cabling Equipment,"Cable Clips, Ties, and Holders",Cable_Clips_Ties_and_Holders
Electronics,Audio and Video,Cabling Equipment,Cable Concealers,Cable_Concealers
Electronics,Audio and Video,Cabling Equipment,Cable Connectors,Cable_Connectors
Electronics,Audio and Video,Cabling Equipment,Cables and Adapters,Cables_and_Adapters
Electronics,Audio and Video,Multimedia Projectors,,Multimedia_Projectors
Electronics,Audio and Video,Portable Audio,Headphones and Headsets,Headphones_and_Headsets
Electronics,Audio and Video,Portable Audio,Megaphones and Bullhorns,Megaphones_and_Bullhorns
Electronics,Audio and Video,Portable Audio,MP3 Players,MP3_Players
Electronics,Audio and Video,Portable Audio,Portable CD Players,Portable_CD_Players
Electronics,Audio and Video,Portable Audio,Portable Radios,Portable_Radios
Electronics,Audio and Video,Speaker Equipment,Karaoke Machines,Karaoke_Machines
Electronics,Audio and Video,Speaker Equipment,PA Equipment,PA_Equipment
Electronics,Audio and Video,Speaker Equipment,Portable Speakers,Portable_Speakers
Electronics,Audio and Video,Speaker Equipment,Soundbars,Soundbars
Electronics,Audio and Video,Speaker Equipment,Speakers,Speakers
Electronics,Audio and Video,Speaker Equipment,Subwoofers,Subwoofers
Electronics,Audio and Video,Televisions,,Televisions
Electronics,Communications,Activity Tracker and Smart Watch Accessories,Activity Tracker and Smart Watch Bands,Activity_Tracker_and_Smart_Watch_Bands
Electronics,Communications,Activity Tracker and Smart Watch Accessories,Activity Tracker and Smart Watch Covers,Activity_Tracker_and_Smart_Watch_Covers
Electronics,Communications,Activity Tracker and Smart Watch Accessories,Activity Tracker and Smart Watch Screen Protectors,Activity_Tracker_and_Smart_Watch_Screen_Protectors
Electronics,Communications,Activity Trackers and Smart Watches,,Activity_Trackers_and_Smart_Watches
Electronics,Communications,Cell Phone Accessories,Cell Phone App-Blocking Devices,Cell_Phone_App_Blocking_Devices
Electronics,Communications,Cell Phone Accessories,Cell Phone Cases,Cell_Phone_Cases
Electronics,Communications,Cell Phone Accessories,Cell Phone Lens Protectors,Cell_Phone_Lens_Protectors
Electronics,Communications,Cell Phone Accessories,Cell Phone Mounts,Cell_Phone_Mounts
Electronics,Communications,Cell Phone Accessories,Cell Phone Screen Protectors,Cell_Phone_Screen_Protectors
Electronics,Communications,Cell Phone Accessories,Cell Phone Signal Boosters,Cell_Phone_Signal_Boosters
Electronics,Communications,Cell Phone Accessories,Cell Phone Straps and Wristlets,Cell_Phone_Straps_and_Wristlets
Electronics,Communications,Cell Phone Accessories,Cell Phone Wallets,Cell_Phone_Wallets
Electronics,Communications,Cell Phone Accessories,SIM Cards,SIM_Cards
Electronics,Communications,Cell Phones,,Cell_Phones
Electronics,Communications,Communication Radios,Police and Radio Scanners,Police_and_Radio_Scanners
Electronics,Communications,Communication Radios,Two-Way Radios,Two_Way_Radios
Electronics,Communications,Item Tracker Cases,,Item_Tracker_Cases
Electronics,Communications,Item Trackers,,Item_Trackers
Electronics,Communications,Telephone Accessories,In-Line Telephone Amplifiers,In_Line_Telephone_Amplifiers
Electronics,Communications,Telephone Accessories,Telephone Answering Systems,Telephone_Answering_Systems
Electronics,Communications,Telephone Accessories,Telephone Expansion Microphones,Telephone_Expansion_Microphones
Electronics,Communications,Telephone Accessories,Telephone Handsets,Telephone_Handsets
Electronics,Communications,Telephone Accessories,Telephone Repeaters,Telephone_Repeaters
Electronics,Communications,Telephone Accessories,Telephone Ringers,Telephone_Ringers
Electronics,Communications,Telephones,Conference Phones,Conference_Phones
Electronics,Communications,Telephones,Corded Telephones,Corded_Telephones
Electronics,Communications,Telephones,Cordless Telephones,Cordless_Telephones
Electronics,Computer Accessories,Computer Controllers and Panels,,Computer_Controllers_and_Panels
Electronics,Computer Accessories,Computer Enclosures,,Computer_Enclosures
Electronics,Computer Accessories,Computer Keyboard Accessories,,Computer_Keyboard_Accessories
Electronics,Computer Accessories,Computer Keyboards,,Computer_Keyboards
Electronics,Computer Accessories,Computer Power Supplies,,Computer_Power_Supplies
Electronics,Computer Accessories,Computer Repair and Installation Tools,,Computer_Repair_and_Installation_Tools
Electronics,Computer Accessories,Computer Speakers,,Computer_Speakers
Electronics,Computer Accessories,Drive Enclosures,,Drive_Enclosures
Electronics,Computer Accessories,Lap and Portable Desks,,Lap_and_Portable_Desks
Electronics,Computer Accessories,Laptop Bags and Cases,,Laptop_Bags_and_Cases
Electronics,Computer Accessories,Laptop Cable Locks,,Laptop_Cable_Locks
Electronics,Computer Accessories,Laptop Cooling Pads,,Laptop_Cooling_Pads
Electronics,Computer Accessories,Laptop Docking Stations,,Laptop_Docking_Stations
Electronics,Computer Accessories,Laptop Screen Protectors,,Laptop_Screen_Protectors
Electronics,Computer Accessories,Laptop Stands,,Laptop_Stands
Electronics,Computer Accessories,Memory Card Readers,,Memory_Card_Readers
Electronics,Computer Accessories,Mice,,Mice
Electronics,Computer Accessories,Mouse Grip Tapes,,Mouse_Grip_Tapes
Electronics,Computer Accessories,Mouse Pads,,Mouse_Pads
Electronics,Computer Accessories,Multi-Factor Authentication Devices,,Multi_Factor_Authentication_Devices
Electronics,Computer Accessories,Numeric and Macro Keypads,,Numeric_and_Macro_Keypads
Electronics,Computer Components,Computer Cooling Fans and Systems,,Computer_Cooling_Fans_and_Systems
Electronics,Computer Components,Computer Memory,,Computer_Memory
Electronics,Computer Components,External Hard Drives,,External_Hard_Drives
Electronics,Computer Components,Graphics Card Bridges,,Graphics_Card_Bridges
Electronics,Computer Components,Graphics Cards,,Graphics_Cards
Electronics,Computer Components,Internal Hard Drives,,Internal_Hard_Drives
Electronics,Computer Components,Motherboards,,Motherboards
Electronics,Computer Components,Optical Media Drives,,Optical_Media_Drives
Electronics,Computer Components,Processors,,Processors
Electronics,Computer Components,Sound Cards,,Sound_Cards
Electronics,Computers,All-in-One Desktop Computers,,All_in_One_Desktop_Computers
Electronics,Computers,Barebone Computers,,Barebone_Computers
Electronics,Computers,Desktop Computer Towers,,Desktop_Computer_Towers
Electronics,Computers,Laptop Computers,,Laptop_Computers
Electronics,Computers,Monitors,,Monitors
Electronics,Computers,Single Board Computers,,Single_Board_Computers
Electronics,Computers,Thin Clients,,Thin_Clients
Electronics,Data Storage,Audio Cassette Tapes,,Audio_Cassette_Tapes
Electronics,Data Storage,Blank Blu-Ray Discs,,Blank_Blu_Ray_Discs
Electronics,Data Storage,Blank CDs,,Blank_CDs
Electronics,Data Storage,Blank DVDs,,Blank_DVDs
Electronics,Data Storage,Camcorder Tapes,,Camcorder_Tapes
Electronics,Data Storage,Cryptocurrency Wallets,,Cryptocurrency_Wallets
Electronics,Data Storage,Memory Cards,,Memory_Cards
Electronics,Data Storage,Portable Data Storage Cases,,Portable_Data_Storage_Cases
Electronics,Data Storage,USB Drives,,USB_Drives
Electronics,Data Storage,Wireless Media Drives,,Wireless_Media_Drives
Electronics,Networking,Firewalls,,Firewalls
Electronics,Networking,Mobile Hotspots,,Mobile_Hotspots
Electronics,Networking,Modems,,Modems
Electronics,Networking,Network Adapters,,Network_Adapters
Electronics,Networking,Network Attached Storage Units,,Network_Attached_Storage_Units
Electronics,Networking,Network Cards,,Network_Cards
Electronics,Networking,Network Hubs,,Network_Hubs
Electronics,Networking,Network Range Extenders and Repeaters,,Network_Range_Extenders_and_Repeaters
Electronics,Networking,Network Routers,,Network_Routers
Electronics,Networking,Network Switches,,Network_Switches
Electronics,Networking,Networking Mounts and Stands,,Networking_Mounts_and_Stands
Electronics,Networking,Servers,,Servers
Electronics,Networking,VoIP Devices,,VoIP_Devices
Electronics,Networking,Wireless Access Points,,Wireless_Access_Points
Electronics,"Printing, Copying, and Scanning Products",Copiers,Laser Copiers,Laser_Copiers
Electronics,"Printing, Copying, and Scanning Products",Fax Machines,,Fax_Machines
Electronics,"Printing, Copying, and Scanning Products",Printer Accessories and Consumables,Drum Cartridges,Drum_Cartridges
Electronics,"Printing, Copying, and Scanning Products",Printer Accessories and Consumables,Filaments,Filaments
Electronics,"Printing, Copying, and Scanning Products",Printer Accessories and Consumables,Ink Bags and Bottles,Ink_Bags_and_Bottles
Electronics,"Printing, Copying, and Scanning Products",Printer Accessories and Consumables,Ink Cartridges,Ink_Cartridges
Electronics,"Printing, Copying, and Scanning Products",Printer Accessories and Consumables,Print Heads,Print_Heads
Electronics,"Printing, Copying, and Scanning Products",Printer Accessories and Consumables,Printer Trays and Drawers,Printer_Trays_and_Drawers
Electronics,"Printing, Copying, and Scanning Products",Printer Accessories and Consumables,Toner Cartridges,Toner_Cartridges
Electronics,"Printing, Copying, and Scanning Products",Printers,3D Printers,Printers_3D
Electronics,"Printing, Copying, and Scanning Products",Printers,Dot-Matrix Printers,Dot_Matrix_Printers
Electronics,"Printing, Copying, and Scanning Products",Printers,Inkjet Printers,Inkjet_Printers
Electronics,"Printing, Copying, and Scanning Products",Printers,Laser Printers,Laser_Printers
Electronics,"Printing, Copying, and Scanning Products",Printers,Photo Printers,Photo_Printers
Electronics,"Printing, Copying, and Scanning Products",Printers,Thermal Printers,Thermal_Printers
Electronics,"Printing, Copying, and Scanning Products",Scanner Accessories,,Scanner_Accessories
Electronics,"Printing, Copying, and Scanning Products",Scanners,,Scanners
Electronics,Software,"Accounting, Business, and Finance Software",,Accounting_Business_and_Finance_Software
Electronics,Software,Antivirus and Internet Security Software,,Antivirus_and_Internet_Security_Software
Electronics,Software,"Audio, Imaging, and Video Software",,Audio_Imaging_and_Video_Software
Electronics,Software,Educational Software,,Educational_Software
Electronics,Software,Graphics and Design Software,,Graphics_and_Design_Software
Electronics,Software,Home and Hobbies Software,,Home_and_Hobbies_Software
Electronics,Software,Office Software,,Office_Software
Electronics,Software,Operating Systems,,Operating_Systems
Electronics,Software,System Utilities Software,,System_Utilities_Software
Electronics,Software,Tax Software,,Tax_Software
Electronics,Software,Voice Recognition Software,,Voice_Recognition_Software
Electronics,Software,Wills and Legal Software,,Wills_and_Legal_Software
Electronics,Tablet and eReader Accessories,Stylus Pen Accessories,,Stylus_Pen_Accessories
Electronics,Tablet and eReader Accessories,Stylus Pens,,Stylus_Pens
Electronics,Tablet and eReader Accessories,Tablet eReader Cases and Sleeves,,Tablet_eReader_Cases_and_Sleeves
Electronics,Tablet and eReader Accessories,Tablet eReader Lens Protectors,,Tablet_eReader_Lens_Protectors
Electronics,Tablet and eReader Accessories,Tablet eReader Screen Protectors,,Tablet_eReader_Screen_Protectors
Electronics,Tablet and eReader Accessories,Tablet eReader Stands,,Tablet_eReader_Stands
Electronics,Tablet and eReader Accessories,Tablet Keyboards,,Tablet_Keyboards
Electronics,Tablets and eReaders,eReaders,,eReaders
Electronics,Tablets and eReaders,Graphics Tablets,,Graphics_Tablets
Electronics,Tablets and eReaders,Tablets,,Tablets
Electronics,Video Gaming,Video Game Accessories,Gaming Controller Accessories,Gaming_Controller_Accessories
Electronics,Video Gaming,Video Game Accessories,Gaming Controllers,Gaming_Controllers
Electronics,Video Gaming,Video Game Accessories,Gaming Screen Protectors,Gaming_Screen_Protectors
Electronics,Video Gaming,Video Game Accessories,Gaming Styli,Gaming_Styli
Electronics,Video Gaming,Video Game Accessories,Hands-Free Motion Controllers,Hands_Free_Motion_Controllers
Electronics,Video Gaming,Video Game Accessories,Interactive Collectible Accessories,Interactive_Collectible_Accessories
Electronics,Video Gaming,Video Game Accessories,Interactive Collectibles,Interactive_Collectibles
Electronics,Video Gaming,Video Game Accessories,Motion Controllers,Motion_Controllers
Electronics,Video Gaming,Video Game Accessories,Video Capture Devices,Video_Capture_Devices
Electronics,Video Gaming,Video Game Accessories,Video Game Console and Controller Cases,Video_Game_Console_and_Controller_Cases
Electronics,Video Gaming,Video Game Accessories,Video Game Console Intercoolers,Video_Game_Console_Intercoolers
Electronics,Video Gaming,Video Game Accessories,Video Game Console Stands,Video_Game_Console_Stands
Electronics,Video Gaming,Video Game Accessories,Video Game Guides,Video_Game_Guides
Electronics,Video Gaming,Video Game Cards,,Video_Game_Cards
Electronics,Video Gaming,Video Game Consoles,,Video_Game_Consoles
Electronics,Video Gaming,Video Games,,Video_Games
Electronics,Video Gaming,Virtual Reality Devices,,Virtual_Reality_Devices
Health and Beauty,Health Aids and Treatments,Cold Water Immersion Tubs,,Cold_Water_Immersion_Tubs
Health and Beauty,Health Aids and Treatments,Compression Sleeves and Support Braces,,Compression_Sleeves_and_Support_Braces
Health and Beauty,Health Aids and Treatments,Electronic Muscle and Nerve Stimulators,,Electronic_Muscle_and_Nerve_Stimulators
Health and Beauty,Health Aids and Treatments,Face Masks,,Face_Masks
Health and Beauty,Health Aids and Treatments,First Aid Kits,,First_Aid_Kits
Health and Beauty,Health Aids and Treatments,Fitness Recovery Units,,Fitness_Recovery_Units
Health and Beauty,Health Aids and Treatments,Hair Loss Treatments,,Hair_Loss_Treatments
Health and Beauty,Health Aids and Treatments,Hearing Devices,Assistive Listening Devices,Assistive_Listening_Devices
Health and Beauty,Health Aids and Treatments,Hearing Devices,Hearing Aids,Hearing_Aids
Health and Beauty,Health Aids and Treatments,Hearing Devices,Hearing Care Accessories,Hearing_Care_Accessories
Health and Beauty,Health Aids and Treatments,Hearing Devices,Hearing Protection Products,Hearing_Protection_Products
Health and Beauty,Health Aids and Treatments,Hearing Devices,Personal Sound Amplification Products (PSAPs),Personal_Sound_Amplification_Products
Health and Beauty,Health Aids and Treatments,Incontinence Aids,Adult Incontinence Pads,Adult_Incontinence_Pads
Health and Beauty,Health Aids and Treatments,Incontinence Aids,Adult Incontinence Protective Covers,Adult_Incontinence_Protective_Covers
Health and Beauty,Health Aids and Treatments,Incontinence Aids,Adult Incontinence Underwear,Adult_Incontinence_Underwear
Health and Beauty,Health Aids and Treatments,Incontinence Aids,Bed Pans,Bed_Pans
Health and Beauty,Health Aids and Treatments,Medication Dispensers and Organizers,,Medication_Dispensers_and_Organizers
Health and Beauty,Health Aids and Treatments,Mobility Aids,Cane and Crutch Covers,Cane_and_Crutch_Covers
Health and Beauty,Health Aids and Treatments,Mobility Aids,Cane and Crutch Tips,Cane_and_Crutch_Tips
Health and Beauty,Health Aids and Treatments,Mobility Aids,Canes,Canes
Health and Beauty,Health Aids and Treatments,Mobility Aids,Commode Accessories,Commode_Accessories
Health and Beauty,Health Aids and Treatments,Mobility Aids,Commodes,Commodes
Health and Beauty,Health Aids and Treatments,Mobility Aids,Crutches,Crutches
Health and Beauty,Health Aids and Treatments,Mobility Aids,Grab Bars and Safety Rails,Grab_Bars_and_Safety_Rails
Health and Beauty,Health Aids and Treatments,Mobility Aids,Lift Chairs,Lift_Chairs
Health and Beauty,Health Aids and Treatments,Mobility Aids,Mobility Scooters,Mobility_Scooters
Health and Beauty,Health Aids and Treatments,Mobility Aids,Mobility Slings,Mobility_Slings
Health and Beauty,Health Aids and Treatments,Mobility Aids,Patient Lifts,Patient_Lifts
Health and Beauty,Health Aids and Treatments,Mobility Aids,Reaching Aids,Reaching_Aids
Health and Beauty,Health Aids and Treatments,Mobility Aids,Step Stools,Step_Stools
Health and Beauty,Health Aids and Treatments,Mobility Aids,Walker Baskets,Walker_Baskets
Health and Beauty,Health Aids and Treatments,Mobility Aids,Walker Glides,Walker_Glides
Health and Beauty,Health Aids and Treatments,Mobility Aids,Walkers,Walkers
Health and Beauty,Health Aids and Treatments,Mobility Aids,Wheelchair Accessories,Wheelchair_Accessories
Health and Beauty,Health Aids and Treatments,Mobility Aids,Wheelchairs,Wheelchairs
Health and Beauty,Health Aids and Treatments,Nasal Care,Nasal Aspirators,Nasal_Aspirators
Health and Beauty,Health Aids and Treatments,Nasal Care,Nasal Irrigation Systems,Nasal_Irrigation_Systems
Health and Beauty,Health Aids and Treatments,Nasal Care,Nasal Strips and Dilators,Nasal_Strips_and_Dilators
Health and Beauty,Health Aids and Treatments,Optical Appliances,Eyeglasses,Eyeglasses
Health and Beauty,Health Aids and Treatments,Replacement Electrode Pads,,Replacement_Electrode_Pads
Health and Beauty,Health Aids and Treatments,Sauna and Cold Water Immersion Accessories,,Sauna_and_Cold_Water_Immersion_Accessories
Health and Beauty,Health Aids and Treatments,Saunas,,Saunas
Health and Beauty,Home Diagnostics,Alcohol Tests,,Alcohol_Tests
Health and Beauty,Home Diagnostics,Blood Pressure Monitors,,Blood_Pressure_Monitors
Health and Beauty,Home Diagnostics,Body Fat Analyzers,,Body_Fat_Analyzers
Health and Beauty,Home Diagnostics,Clinical Thermometers,,Clinical_Thermometers
Health and Beauty,Home Diagnostics,Dynamometers,,Dynamometers
Health and Beauty,Home Diagnostics,Electrocardiographs,,Electrocardiographs
Health and Beauty,Home Diagnostics,Healthcare Diagnostic Kits,,Healthcare_Diagnostic_Kits
Health and Beauty,Home Diagnostics,Heart-Rate Monitors,,Heart_Rate_Monitors
Health and Beauty,Home Diagnostics,Home Diagnostic and Monitor Accessories,,Home_Diagnostic_and_Monitor_Accessories
Health and Beauty,Home Diagnostics,Home Diagnostic Tests,,Home_Diagnostic_Tests
Health and Beauty,Home Diagnostics,Metabolic Monitors,,Metabolic_Monitors
Health and Beauty,Home Diagnostics,Oximeters,,Oximeters
Health and Beauty,Home Diagnostics,Personal Emergency Response Systems,,Personal_Emergency_Response_Systems
Health and Beauty,Home Diagnostics,Pregnancy and Fertility,Basal Thermometers,Basal_Thermometers
Health and Beauty,Home Diagnostics,Pregnancy and Fertility,Fertility Monitors,Fertility_Monitors
Health and Beauty,Home Diagnostics,Scales,,Scales
Health and Beauty,Home Diagnostics,Sleep Monitoring Devices,,Sleep_Monitoring_Devices
Health and Beauty,Home Diagnostics,Thermometer Probe Covers,,Thermometer_Probe_Covers
Health and Beauty,Personal Care,Facial Care and Skincare,Beauty Masks and Exfoliants,Beauty_Masks_and_Exfoliants
Health and Beauty,Personal Care,Facial Care and Skincare,Body and Facial Brushes,Body_and_Facial_Brushes
Health and Beauty,Personal Care,Facial Care and Skincare,Creams Lotions and Serums,Creams_Lotions_and_Serums
Health and Beauty,Personal Care,Facial Care and Skincare,Facial Care and Skincare Accessories,Facial_Care_and_Skincare_Accessories
Health and Beauty,Personal Care,Facial Care and Skincare,Facial Saunas,Facial_Saunas
Health and Beauty,Personal Care,Facial Care and Skincare,Facial Treatment Tools and Devices,Facial_Treatment_Tools_and_Devices
Health and Beauty,Personal Care,Facial Care and Skincare,Lip Balms and Lip Color,Lip_Balms_and_Lip_Color
Health and Beauty,Personal Care,Facial Care and Skincare,Soaps,Soaps
Health and Beauty,Personal Care,Hair Care,Curling Irons,Curling_Irons
Health and Beauty,Personal Care,Hair Care,Hair Cleaning and Styling Products,Hair_Cleaning_and_Styling_Products
Health and Beauty,Personal Care,Hair Care,Hair Dryers,Hair_Dryers
Health and Beauty,Personal Care,Hair Care,Hair Straighteners,Hair_Straighteners
Health and Beauty,Personal Care,Hair Care,Hair Styling Tool Attachments,Hair_Styling_Tool_Attachments
Health and Beauty,Personal Care,Hair Care,Hot Air Brushes,Hot_Air_Brushes
Health and Beauty,Personal Care,Massage and Relaxation,Diffuser Fluid,Diffuser_Fluid
Health and Beauty,Personal Care,Massage and Relaxation,Diffusers,Diffusers
Health and Beauty,Personal Care,Massage and Relaxation,Foot Spas,Foot_Spas
Health and Beauty,Personal Care,Massage and Relaxation,Massage Chairs,Massage_Chairs
Health and Beauty,Personal Care,Massage and Relaxation,Massagers,Massagers
Health and Beauty,Personal Care,Nail Care,Manicure and Pedicure Tools,Manicure_and_Pedicure_Tools
Health and Beauty,Personal Care,Nail Care,Nail Polish,Nail_Polish
Health and Beauty,Personal Care,Oral Care,Electric Toothbrushes,Electric_Toothbrushes
Health and Beauty,Personal Care,Oral Care,Replacement Brush Heads,Replacement_Brush_Heads
Health and Beauty,Personal Care,Oral Care,Teeth Whitening Supplies,Teeth_Whitening_Supplies
Health and Beauty,Personal Care,Oral Care,Water Flossers,Water_Flossers
Health and Beauty,Personal Care,Shaving and Hair Removal,Electric Shavers,Electric_Shavers
Health and Beauty,Personal Care,Shaving and Hair Removal,Epilators,Epilators
Health and Beauty,Personal Care,Shaving and Hair Removal,Hair Trimmers and Groomers,Hair_Trimmers_and_Groomers
Health and Beauty,Personal Care,Shaving and Hair Removal,Razor Blades,Razor_Blades
Health and Beauty,Personal Care,Shaving and Hair Removal,Razors,Razors
Health and Beauty,Personal Care,Shaving and Hair Removal,Shaver Heads,Shaver_Heads
Health and Beauty,Personal Care,Shaving and Hair Removal,Tweezers,Tweezers
Home and Garden,Arts and Crafts,Art and Craft Kits,,Art_and_Craft_Kits
Home and Garden,Arts and Crafts,Craft Storage and Organizers,,Craft_Storage_and_Organizers
Home and Garden,Arts and Crafts,Die Cutting Machine Accessories,,Die_Cutting_Machine_Accessories
Home and Garden,Arts and Crafts,Die Cutting Machines,,Die_Cutting_Machines
Home and Garden,Arts and Crafts,Drawing and Illustration,Chalk,Chalk
Home and Garden,Arts and Crafts,Drawing and Illustration,Colored Pencils,Colored_Pencils
Home and Garden,Arts and Crafts,Drawing and Illustration,Crayons,Crayons
Home and Garden,Arts and Crafts,Drawing and Illustration,Markers,Markers
Home and Garden,Arts and Crafts,Drawing and Illustration,Pastels,Pastels
Home and Garden,Arts and Crafts,Engravers and Accessories,Laser Engraver Accessories,Laser_Engraver_Accessories
Home and Garden,Arts and Crafts,Engravers and Accessories,Laser Engravers,Laser_Engravers
Home and Garden,Arts and Crafts,Heat Press Machines,,Heat_Press_Machines
Home and Garden,Arts and Crafts,Jewelry Crafts,Charms and Accents,Charms_and_Accents
Home and Garden,Arts and Crafts,Painting Supplies,Artists Brushes and Applicators,Artists_Brushes_and_Applicators
Home and Garden,Arts and Crafts,Painting Supplies,Artists Paints,Artists_Paints
Home and Garden,Arts and Crafts,Painting Supplies,Easels,Easels
Home and Garden,Arts and Crafts,Painting Supplies,Scrapers and Knives,Scrapers_and_Knives
Home and Garden,Arts and Crafts,Paper Crafts,Cutting Mats,Cutting_Mats
Home and Garden,Arts and Crafts,Paper Crafts,Stickers,Stickers
Home and Garden,Arts and Crafts,Pottery and Sculpting,Modeling and Sculpting Tools,Modeling_and_Sculpting_Tools
Home and Garden,Arts and Crafts,Pottery and Sculpting,Modeling Clay,Modeling_Clay
Home and Garden,Arts and Crafts,Sewing Machines,,Sewing_Machines
Home and Garden,Arts and Crafts,Temporary Tattoos,,Temporary_Tattoos
Home and Garden,Arts and Crafts,Vacuum Forming Machines,,Vacuum_Forming_Machines
Home and Garden,Baby Care,Baby and Toddler Furniture,Baby Changing Tables,Baby_Changing_Tables
Home and Garden,Baby Care,Baby and Toddler Furniture,Bassinets and Cradles,Bassinets_and_Cradles
Home and Garden,Baby Care,Baby and Toddler Furniture,Changing Trays and Tops,Changing_Trays_and_Tops
Home and Garden,Baby Care,Baby and Toddler Furniture,Crib Accessories,Crib_Accessories
Home and Garden,Baby Care,Baby and Toddler Furniture,Cribs,Cribs
Home and Garden,Baby Care,Baby and Toddler Furniture,High Chairs,High_Chairs
Home and Garden,Baby Care,Baby and Toddler Furniture,Kids and Play Rugs,Kids_and_Play_Rugs
Home and Garden,Baby Care,Baby Safety,Baby Monitors,Baby_Monitors
Home and Garden,Baby Care,Baby Safety,Childproofing Accessories,Childproofing_Accessories
Home and Garden,Baby Care,Baby Toys and Activity Equipment,Bouncers,Bouncers
Home and Garden,Baby Care,Baby Toys and Activity Equipment,Infant Activity Centers,Infant_Activity_Centers
Home and Garden,Baby Care,Baby Toys and Activity Equipment,Playards,Playards
Home and Garden,Baby Care,Baby Toys and Activity Equipment,"Projectors, Soothers, and Sound Machines",Projectors_Soothers_and_Sound_Machines
Home and Garden,Baby Care,Baby Toys and Activity Equipment,Swings,Swings
Home and Garden,Baby Care,Baby Transport,Baby Carriers,Baby_Carriers
Home and Garden,Baby Care,Baby Transport,Car Seat Accessories,Car_Seat_Accessories
Home and Garden,Baby Care,Baby Transport,Car Seats,Car_Seats
Home and Garden,Baby Care,Baby Transport,Stroller and Car Seat Toys,Stroller_and_Car_Seat_Toys
Home and Garden,Baby Care,Baby Transport,Strollers,Strollers
Home and Garden,Baby Care,Diapering and Potty Training,Baby Wipe Dispensers and Warmers,Baby_Wipe_Dispensers_and_Warmers
Home and Garden,Baby Care,Feeding and Nursing,Baby Bottle Warmers,Baby_Bottle_Warmers
Home and Garden,Baby Care,Feeding and Nursing,Baby Bottle Washers and Sterilizers,Baby_Bottle_Washers_and_Sterilizers
Home and Garden,Baby Care,Feeding and Nursing,Breast Pump Accessories,Breast_Pump_Accessories
Home and Garden,Baby Care,Feeding and Nursing,Breast Pumps,Breast_Pumps
Home and Garden,Business and Home Security,Alarm Kits,,Alarm_Kits
Home and Garden,Business and Home Security,Control Centers,,Control_Centers
Home and Garden,Business and Home Security,Doorbell Covers and Plates,,Doorbell_Covers_and_Plates
Home and Garden,Business and Home Security,Energy Usage Monitors,,Energy_Usage_Monitors
Home and Garden,Business and Home Security,Home Security Digital Video Recorders,,Home_Security_Digital_Video_Recorders
Home and Garden,Business and Home Security,Household Detectors and Sensors,,Household_Detectors_and_Sensors
Home and Garden,Business and Home Security,Intercom Systems,,Intercom_Systems
Home and Garden,Business and Home Security,Iris Scanners,,Iris_Scanners
Home and Garden,Business and Home Security,Keychains and Key Rings,,Keychains_and_Key_Rings
Home and Garden,Business and Home Security,Safes,,Safes
Home and Garden,Business and Home Security,Smart Locks,,Smart_Locks
Home and Garden,Business and Home Security,Standard Doorbells,,Standard_Doorbells
Home and Garden,Business and Home Security,Surveillance Camera Mounts,,Surveillance_Camera_Mounts
Home and Garden,Business and Home Security,Surveillance Cameras,,Surveillance_Cameras
Home and Garden,Business and Home Security,Surveillance Monitors,,Surveillance_Monitors
Home and Garden,Business and Home Security,Video Doorbells,,Video_Doorbells
Home and Garden,Business and Home Security,Video Surveillance Systems,,Video_Surveillance_Systems
Home and Garden,Cleaning Products,Cleaners and Detergents,Cleaning Cloths and Wipes,Cleaning_Cloths_and_Wipes
Home and Garden,Cleaning Products,Cleaners and Detergents,Ultraviolet (UV) Disinfecting Devices,Ultraviolet_Disinfecting_Devices
Home and Garden,Cleaning Products,Cleaning Tools and Supplies,Brooms,Brooms
Home and Garden,Cleaning Products,Cleaning Tools and Supplies,Cleaning Kits,Cleaning_Kits
Home and Garden,Cleaning Products,Cleaning Tools and Supplies,"Compost, Lawn, and Trash Bags",Compost_Lawn_and_Trash_Bags
Home and Garden,Cleaning Products,Cleaning Tools and Supplies,Dust Pans,Dust_Pans
Home and Garden,Cleaning Products,Cleaning Tools and Supplies,Extension Poles,Extension_Poles
Home and Garden,Cleaning Products,Cleaning Tools and Supplies,Mops,Mops
Home and Garden,Cleaning Products,Cleaning Tools and Supplies,Sponges,Sponges
Home and Garden,Cleaning Products,Cleaning Tools and Supplies,Wipes,Wipes
Home and Garden,Cleaning Products,Computer and AV Cleaning,Disc Cleaning and Repair Kits,Disc_Cleaning_and_Repair_kits
Home and Garden,Cleaning Products,Computer and AV Cleaning,Laser Lens Cleaners,Laser_Lens_Cleaners
Home and Garden,Cleaning Products,Computer and AV Cleaning,VHS Head Cleaners,VHS_Head_Cleaners
Home and Garden,Furniture,Bedroom Furniture,Armoires and Wardrobes,Armoires_and_Wardrobes
Home and Garden,Furniture,Bedroom Furniture,Bed Frames and Bases,Bed_Frames_and_Bases
Home and Garden,Furniture,Bedroom Furniture,Bed Rails,Bed_Rails
Home and Garden,Furniture,Bedroom Furniture,Bedroom Furniture Sets,Bedroom_Furniture_Sets
Home and Garden,Furniture,Bedroom Furniture,Bedroom Vanities,Bedroom_Vanities
Home and Garden,Furniture,Bedroom Furniture,Beds,Beds
Home and Garden,Furniture,Bedroom Furniture,Dressers,Dressers
Home and Garden,Furniture,Bedroom Furniture,Headboards,Headboards
Home and Garden,Furniture,Bedroom Furniture,Nightstands,Nightstands
Home and Garden,Furniture,Chairs and Seating,Armchairs and Recliners,Armchairs_and_Recliners
Home and Garden,Furniture,Chairs and Seating,Bean Bag Chairs,Bean_Bag_Chairs
Home and Garden,Furniture,Chairs and Seating,Counter and Bar Stools,Counter_and_Bar_Stools
Home and Garden,Furniture,Chairs and Seating,Daybeds Futons and Sofa Sleepers,Daybeds_Futons_and_Sofa_Sleepers
Home and Garden,Furniture,Chairs and Seating,Folding and Stacking Chairs,Folding_and_Stacking_Chairs
Home and Garden,Furniture,Chairs and Seating,Home Bars,Home_Bars
Home and Garden,Furniture,Chairs and Seating,Home Theater Seating,Home_Theater_Seating
Home and Garden,Furniture,Chairs and Seating,Indoor Benches,Indoor_Benches
Home and Garden,Furniture,Chairs and Seating,Lounge Chairs and Chaise Lounges,Lounge_Chairs_and_Chaise_Lounges
Home and Garden,Furniture,Chairs and Seating,Ottomans,Ottomans
Home and Garden,Furniture,Chairs and Seating,Side and Guest Chairs,Side_and_Guest_Chairs
Home and Garden,Furniture,Chairs and Seating,Sofas Loveseats and Sectionals,Sofas_Loveseats_and_Sectionals
Home and Garden,Furniture,Chairs and Seating,Tables,Tables
Home and Garden,Furniture,Office Furniture,Chair Mats,Chair_Mats
Home and Garden,Furniture,Office Furniture,Desks,Desks
Home and Garden,Furniture,Office Furniture,Hutches,Hutches
Home and Garden,Furniture,Office Furniture,Office Chairs,Office_Chairs
Home and Garden,Furniture,Office Furniture,Room Dividers and Partitions,Room_Dividers_and_Partitions
Home and Garden,Furniture,Outdoor and Patio Furniture,Adirondack Chairs,Adirondack_Chairs
Home and Garden,Furniture,Outdoor and Patio Furniture,Outdoor Benches,Outdoor_Benches
Home and Garden,Furniture,Outdoor and Patio Furniture,Patio Dining and Folding Chairs,Patio_Dining_and_Folding_Chairs
Home and Garden,Furniture,Outdoor and Patio Furniture,Patio Lounge Chairs and Chaise Lounges,Patio_Lounge_Chairs_and_Chaise_Lounges
Home and Garden,Furniture,Outdoor and Patio Furniture,Patio Rocking and Gliding Chairs,Patio_Rocking_and_Gliding_Chairs
Home and Garden,Furniture,Outdoor and Patio Furniture,Patio Seating Sets,Patio_Seating_Sets
Home and Garden,Furniture,Outdoor and Patio Furniture,Patio Sofas and Sectionals,Patio_Sofas_and_Sectionals
Home and Garden,Furniture,Outdoor and Patio Furniture,Patio Stools,Patio_Stools
Home and Garden,Furniture,Outdoor and Patio Furniture,Patio Tables,Patio_Tables
Home and Garden,Household Furnishings,Acoustic Treatments,,Acoustic_Treatments
Home and Garden,Household Furnishings,Bathroom Fixtures and Furnishings,Bath and Shower Seats,Bath_and_Shower_Seats
Home and Garden,Household Furnishings,Bathroom Fixtures and Furnishings,Bathroom Faucets,Bathroom_Faucets
Home and Garden,Household Furnishings,Bathroom Fixtures and Furnishings,Bathroom Sinks,Bathroom_Sinks
Home and Garden,Household Furnishings,Bathroom Fixtures and Furnishings,Bathroom Vanities,Bathroom_Vanities
Home and Garden,Household Furnishings,Bathroom Fixtures and Furnishings,Bathtub and Shower Kits,Bathtub_and_Shower_Kits
Home and Garden,Household Furnishings,Bathroom Fixtures and Furnishings,Bathtubs,Bathtubs
Home and Garden,Household Furnishings,Bathroom Fixtures and Furnishings,Bidet Seats and Attachments,Bidet_Seats_and_Attachments
Home and Garden,Household Furnishings,Bathroom Fixtures and Furnishings,Bidets,Bidets
Home and Garden,Household Furnishings,Bathroom Fixtures and Furnishings,Shower Bases and Pans,Shower_Bases_and_Pans
Home and Garden,Household Furnishings,Bathroom Fixtures and Furnishings,Shower Curtains,Shower_Curtains
Home and Garden,Household Furnishings,Bathroom Fixtures and Furnishings,Shower Doors and Enclosures,Shower_Doors_and_Enclosures
Home and Garden,Household Furnishings,Bathroom Fixtures and Furnishings,Shower Heads and Systems,Shower_Heads_and_Systems
Home and Garden,Household Furnishings,Bathroom Fixtures and Furnishings,Shower Installation Kits and Parts,Shower_Installation_Kits_and_Parts
Home and Garden,Household Furnishings,Bathroom Fixtures and Furnishings,Shower Walls and Surrounds,Shower_Walls_and_Surrounds
Home and Garden,Household Furnishings,Bathroom Fixtures and Furnishings,Toilet Seats,Toilet_Seats
Home and Garden,Household Furnishings,Bathroom Fixtures and Furnishings,Toilets,Toilets
Home and Garden,Household Furnishings,Bathroom Fixtures and Furnishings,Towel Warmers,Towel_Warmers
Home and Garden,Household Furnishings,Bedding,Bed Pillows,Bed_Pillows
Home and Garden,Household Furnishings,Bedding,Bedding Sets and Sheet Sets,Bedding_Sets_and_Sheet_Sets
Home and Garden,Household Furnishings,Bedding,Blankets and Throws,Blankets_and_Throws
Home and Garden,Household Furnishings,Bedding,Fitted Sheets,Fitted_Sheets
Home and Garden,Household Furnishings,Bedding,Mattress Pads Protectors and Toppers,Mattress_Pads_Protectors_and_Toppers
Home and Garden,Household Furnishings,Bedding,Mattresses,Mattresses
Home and Garden,Household Furnishings,Bedding,Sleep Comfort Systems,Sleep_Comfort_Systems
Home and Garden,Household Furnishings,Clothing Storage and Organization,Closet Hanging Organizers,Closet_Hanging_Organizers
Home and Garden,Household Furnishings,Clothing Storage and Organization,Closet Organization Systems,Closet_Organization_Systems
Home and Garden,Household Furnishings,Clothing Storage and Organization,Closet Rods,Closet_Rods
Home and Garden,Household Furnishings,Clothing Storage and Organization,Closet Shelf Dividers,Closet_Shelf_Dividers
Home and Garden,Household Furnishings,Clothing Storage and Organization,Clothing and Garment Racks,Clothing_and_Garment_Racks
Home and Garden,Household Furnishings,Clothing Storage and Organization,Coat and Shoe Racks,Coat_and_Shoe_Racks
Home and Garden,Household Furnishings,Decor,Accent and Scatter Rugs,Accent_and_Scatter_Rugs
Home and Garden,Household Furnishings,Decor,Alarm Clocks,Alarm_Clocks
Home and Garden,Household Furnishings,Decor,Area Rugs,Area_Rugs
Home and Garden,Household Furnishings,Decor,Artificial and Dried Flora,Artificial_and_Dried_Flora
Home and Garden,Household Furnishings,Decor,Artificial Christmas Trees,Artificial_Christmas_Trees
Home and Garden,Household Furnishings,Decor,Cushions,Cushions
Home and Garden,Household Furnishings,Decor,"Decals, Decorative Magnets, Stickers, and Window Clings",Decals_Decorative_Magnets_Stickers_and_Window_Clings
Home and Garden,Household Furnishings,Decor,Decorative Bowls,Decorative_Bowls
Home and Garden,Household Furnishings,Decor,Decorative Clocks,Decorative_Clocks
Home and Garden,Household Furnishings,Decor,Decorative Pillows,Decorative_Pillows
Home and Garden,Household Furnishings,Decor,Decorative Trays,Decorative_Trays
Home and Garden,Household Furnishings,Decor,Digital Photo Frames and Viewers,Digital_Photo_Frames_and_Viewers
Home and Garden,Household Furnishings,Decor,"Entertainment, Historical, and Sports Memorabilia",Entertainment_Historical_and_Sports_Memorabilia
Home and Garden,Household Furnishings,Decor,Flags and Banners,Flags_and_Banners
Home and Garden,Household Furnishings,Decor,Indoor Trash Cans,Indoor_Trash_Cans
Home and Garden,Household Furnishings,Decor,Mirrors,Mirrors
Home and Garden,Household Furnishings,Decor,Picture Frames,Picture_Frames
Home and Garden,Household Furnishings,Decor,Seasonal Decorations,Seasonal_Decorations
Home and Garden,Household Furnishings,Decor,Soap Dispensers,Soap_Dispensers
Home and Garden,Household Furnishings,Decor,Vase Fillers and Table Scatter,Vase_Fillers_and_Table_Scatter
Home and Garden,Household Furnishings,Decor,Vases,Vases
Home and Garden,Household Furnishings,Decor,Wall Art,Wall_Art
Home and Garden,Household Furnishings,Hardware,Door Handles and Pulls,Door_Handles_and_Pulls
Home and Garden,Household Furnishings,Hardware,Floor Tiles,Floor_Tiles
Home and Garden,Household Furnishings,Kitchen Fixtures and Furnishings,Kitchen Faucets,Kitchen_Faucets
Home and Garden,Household Furnishings,Kitchen Fixtures and Furnishings,Kitchen Sinks,Kitchen_Sinks
Home and Garden,Household Furnishings,Kitchen Fixtures and Furnishings,Portable and Utility Sinks,Portable_and_Utility_Sinks
Home and Garden,Household Furnishings,Linens,Kitchen and Table Linens,Kitchen_and_Table_Linens
Home and Garden,Household Furnishings,Linens,Towels,Towels
Home and Garden,Household Furnishings,Repellents,Insect and Pest Control Devices and Traps,Insect_and_Pest_Control_Devices_and_Traps
Home and Garden,Household Furnishings,Storage and Organization,Bookcases,Bookcases
Home and Garden,Household Furnishings,Storage and Organization,"Buffets, Credenzas, and Sideboards",Buffets_Credenzas_and_Sideboards
Home and Garden,Household Furnishings,Storage and Organization,Chests,Chests
Home and Garden,Household Furnishings,Storage and Organization,Computer Carts and Stands,Computer_Carts_and_Stands
Home and Garden,Household Furnishings,Storage and Organization,Curio Cabinets,Curio_Cabinets
Home and Garden,Household Furnishings,Storage and Organization,Drawer Dividers and Organizers,Drawer_Dividers_and_Organizers
Home and Garden,Household Furnishings,Storage and Organization,Hampers,Hampers
Home and Garden,Household Furnishings,Storage and Organization,Linen Stands and Cabinets,Linen_Stands_and_Cabinets
Home and Garden,Household Furnishings,Storage and Organization,Medicine Cabinets,Medicine_Cabinets
Home and Garden,Household Furnishings,Storage and Organization,Multimedia Storage Units,Multimedia_Storage_Units
Home and Garden,Household Furnishings,Storage and Organization,Rack Shelves and Systems,Rack_Shelves_and_Systems
Home and Garden,Household Furnishings,Storage and Organization,Slatwall and Rail Storage Accessories,Slatwall_and_Rail_Storage_Accessories
Home and Garden,Household Furnishings,Storage and Organization,Slatwall and Rail Storage Panels,Slatwall_and_Rail_Storage_Panels
Home and Garden,Household Furnishings,Storage and Organization,Slatwall and Rail Storage Shelves,Slatwall_and_Rail_Storage_Shelves
Home and Garden,Household Furnishings,Storage and Organization,Storage Carts,Storage_Carts
Home and Garden,Household Furnishings,Storage and Organization,Storage Lockers and Cabinets,Storage_Lockers_and_Cabinets
Home and Garden,Household Furnishings,Storage and Organization,Wall Shelves,Wall_Shelves
Home and Garden,Household Furnishings,Storage and Organization,Wine Racks,Wine_Racks
Home and Garden,Household Furnishings,Window Treatments,Curtain Rod and Window Treatment Hardware,Curtain_Rod_and_Window_Treatment_Hardware
Home and Garden,Household Furnishings,Window Treatments,Curtains and Drapes,Curtains_and_Drapes
Home and Garden,Household Furnishings,Window Treatments,Window Blinds and Shades,Window_Blinds_and_Shades
Home and Garden,Household Furnishings,Window Treatments,Window Screens,Window_Screens
Home and Garden,Lawn and Garden Equipment and Tools,Automatic or Robotic Lawn Mowers,,Automatic_or_Robotic_Lawn_Mowers
Home and Garden,Lawn and Garden Equipment and Tools,Brush and Lawn Trimmers,,Brush_and_Lawn_Trimmers
Home and Garden,Lawn and Garden Equipment and Tools,Chainsaws,,Chainsaws
Home and Garden,Lawn and Garden Equipment and Tools,Chippers,,Chippers
Home and Garden,Lawn and Garden Equipment and Tools,Cultivators and Tillers,,Cultivators_and_Tillers
Home and Garden,Lawn and Garden Equipment and Tools,Garden Hoses,,Garden_Hoses
Home and Garden,Lawn and Garden Equipment and Tools,Garden Vacuums and Blowers,,Garden_Vacuums_and_Blowers
Home and Garden,Lawn and Garden Equipment and Tools,Hedge Trimmers,,Hedge_Trimmers
Home and Garden,Lawn and Garden Equipment and Tools,Ice and Snow Chemical Melters,,Ice_and_Snow_Chemical_Melters
Home and Garden,Lawn and Garden Equipment and Tools,Ice and Snow Melt Mats,,Ice_and_Snow_Melt_Mats
Home and Garden,Lawn and Garden Equipment and Tools,Lawn and Garden Spreaders,,Lawn_and_Garden_Spreaders
Home and Garden,Lawn and Garden Equipment and Tools,Pressure Washers,,Pressure_Washers
Home and Garden,Lawn and Garden Equipment and Tools,Pruners,,Pruners
Home and Garden,Lawn and Garden Equipment and Tools,Riding Lawn Mowers,,Riding_Lawn_Mowers
Home and Garden,Lawn and Garden Equipment and Tools,Roof and Gutter Heating Cables,,Roof_and_Gutter_Heating_Cables
Home and Garden,Lawn and Garden Equipment and Tools,Shovels and Rakes,,Shovels_and_Rakes
Home and Garden,Lawn and Garden Equipment and Tools,Snow Throwers,,Snow_Throwers
Home and Garden,Lawn and Garden Equipment and Tools,Walk-Behind Lawn Mowers,,Walk_Behind_Lawn_Mowers
Home and Garden,Lawn and Garden Equipment and Tools,Wheelbarrows,,Wheelbarrows
Home and Garden,Lawn and Garden Tool Accessories,Brush and Lawn Trimmer Accessories,,Brush_and_Lawn_Trimmer_Accessories
Home and Garden,Lawn and Garden Tool Accessories,Chainsaw Accessories,,Chainsaw_Accessories
Home and Garden,Lawn and Garden Tool Accessories,Hedge Trimmer Accessories,,Hedge_Trimmer_Accessories
Home and Garden,Lawn and Garden Tool Accessories,Hose Reels and Storage,,Hose_Reels_and_Storage
Home and Garden,Lawn and Garden Tool Accessories,Pressure Washer Accessories,,Pressure_Washer_Accessories
Home and Garden,Lawn and Plant Care,Grass Seeds,,Grass_Seeds
Home and Garden,Lawn and Plant Care,Seeds,,Seeds
Home and Garden,Lighting Products,Candles,,Candles
Home and Garden,Lighting Products,Chandeliers,,Chandeliers
Home and Garden,Lighting Products,Desk Lamps,,Desk_Lamps
Home and Garden,Lighting Products,Emergency Lights,,Emergency_Lights
Home and Garden,Lighting Products,Flameless Candles,,Flameless_Candles
Home and Garden,Lighting Products,Flashlights,,Flashlights
Home and Garden,Lighting Products,Floor Lamps,,Floor_Lamps
Home and Garden,Lighting Products,Head Lamps,,Head_Lamps
Home and Garden,Lighting Products,Hologram Projectors,,Hologram_Projectors
Home and Garden,Lighting Products,Lamp and Light Bulbs,,Lamp_and_Light_Bulbs
Home and Garden,Lighting Products,Lanterns,,Lanterns
Home and Garden,Lighting Products,Light Panels,,Light_Panels
Home and Garden,Lighting Products,Light Strings,,Light_Strings
Home and Garden,Lighting Products,Light Strips,,Light_Strips
Home and Garden,Lighting Products,Lighting Fixtures,Flush and Semi-Flush Lighting,Flush_and_Semi_Flush_Lighting
Home and Garden,Lighting Products,Lighting Fixtures,Hanging Lights,Hanging_Lights
Home and Garden,Lighting Products,Lighting Fixtures,Light Bars,Light_Bars
Home and Garden,Lighting Products,Lighting Fixtures,Recessed Lighting,Recessed_Lighting
Home and Garden,Lighting Products,Lighting Fixtures,Track Lighting,Track_Lighting
Home and Garden,Lighting Products,Lighting Fixtures,Vanity Lights and Sconces,Vanity_Lights_and_Sconces
Home and Garden,Lighting Products,Night Lights,,Night_Lights
Home and Garden,Lighting Products,Outdoor Lighting,Flood Lights,Flood_Lights
Home and Garden,Lighting Products,Outdoor Lighting,Pathways and Solar Lights,Pathways_and_Solar_Lights
Home and Garden,Lighting Products,Outdoor Lighting,Post and Pedestal Lights,Post_and_Pedestal_Lights
Home and Garden,Lighting Products,Reading Lights,,Reading_Lights
Home and Garden,Lighting Products,Spotlights,,Spotlights
Home and Garden,Lighting Products,Wall Lamps,,Wall_Lamps
Home and Garden,Luggage Accessories,Card Cases,,Card_Cases
Home and Garden,Luggage Accessories,Compression Packing,,Compression_Packing
Home and Garden,Luggage Accessories,Handheld Luggage Scales,,Handheld_Luggage_Scales
Home and Garden,Luggage Accessories,Luggage Carts,,Luggage_Carts
Home and Garden,Luggage Accessories,Luggage Covers,,Luggage_Covers
Home and Garden,Luggage Accessories,Luggage Locks,,Luggage_Locks
Home and Garden,Luggage Accessories,Luggage Tags,,Luggage_Tags
Home and Garden,Luggage Accessories,Money Belts,,Money_Belts
Home and Garden,Luggage Accessories,Money Clips,,Money_Clips
Home and Garden,Luggage Accessories,Packing Cubes,,Packing_Cubes
Home and Garden,Luggage Accessories,Passport and Ticket Holders,,Passport_and_Ticket_Holders
Home and Garden,Luggage Accessories,Toiletry Kits,,Toiletry_Kits
Home and Garden,Luggage Accessories,Travel Pillows,,Travel_Pillows
Home and Garden,Luggage and Bags,Attaches,,Attaches
Home and Garden,Luggage and Bags,Backpacks,,Backpacks
Home and Garden,Luggage and Bags,Bag Organizers,,Bag_Organizers
Home and Garden,Luggage and Bags,Briefcases,,Briefcases
Home and Garden,Luggage and Bags,Duffel Bags,,Duffel_Bags
Home and Garden,Luggage and Bags,Garment Bags,,Garment_Bags
Home and Garden,Luggage and Bags,Messenger Bags,,Messenger_Bags
Home and Garden,Luggage and Bags,Portfolios,,Portfolios
Home and Garden,Luggage and Bags,Roller and Catalog Cases,,Roller_and_Catalog_Cases
Home and Garden,Luggage and Bags,Slings,,Slings
Home and Garden,Luggage and Bags,Suitcase Sets,,Suitcase_Sets
Home and Garden,Luggage and Bags,Suitcases,,Suitcases
Home and Garden,Luggage and Bags,Totes,,Totes
Home and Garden,Luggage and Bags,Wallets and Clutches,,Wallets_and_Clutches
Home and Garden,Outdoor Living,Canopies,,Canopies
Home and Garden,Outdoor Living,Fire Fillers,,Fire_Fillers
Home and Garden,Outdoor Living,Fire Fuels,,Fire_Fuels
Home and Garden,Outdoor Living,Fire Pits,,Fire_Pits
Home and Garden,Outdoor Living,Fireplace Tools,,Fireplace_Tools
Home and Garden,Outdoor Living,Fireplaces,,Fireplaces
Home and Garden,Outdoor Living,Garden and Yard Decorations,,Garden_and_Yard_Decorations
Home and Garden,Outdoor Living,Hammocks,,Hammocks
Home and Garden,Outdoor Living,Lawn and Garden Outdoor Structures,,Lawn_and_Garden_Outdoor_Structures
Home and Garden,Outdoor Living,Outdoor Cooking,Camping Kettles,Camping_Kettles
Home and Garden,Outdoor Living,Outdoor Cooking,Charcoal Grills,Charcoal_Grills
Home and Garden,Outdoor Living,Outdoor Cooking,Dual Fuel Grills,Dual_Fuel_Grills
Home and Garden,Outdoor Living,Outdoor Cooking,Electric Grills,Electric_Grills
Home and Garden,Outdoor Living,Outdoor Cooking,Gas Grills,Gas_Grills
Home and Garden,Outdoor Living,Outdoor Cooking,Grill Brushes and Cleaning Tools,Grill_Brushes_and_Cleaning_Tools
Home and Garden,Outdoor Living,Outdoor Cooking,Grill Covers,Grill_Covers
Home and Garden,Outdoor Living,Outdoor Cooking,Grill Parts and Attachments,Grill_Parts_and_Attachments
Home and Garden,Outdoor Living,Outdoor Cooking,Grill Side Burners,Grill_Side_Burners
Home and Garden,Outdoor Living,Outdoor Cooking,Insulated Grill Jackets,Insulated_Grill_Jackets
Home and Garden,Outdoor Living,Outdoor Cooking,Outdoor Cooking Fuels,Outdoor_Cooking_Fuels
Home and Garden,Outdoor Living,Outdoor Cooking,Outdoor Cooking Island Parts,Outdoor_Cooking_Island_Parts
Home and Garden,Outdoor Living,Outdoor Cooking,Outdoor Cooking Islands,Outdoor_Cooking_Islands
Home and Garden,Outdoor Living,Outdoor Cooking,Pellet Grills,Pellet_Grills
Home and Garden,Outdoor Living,Outdoor Cooking,Smokers,Smokers
Home and Garden,Outdoor Living,Outdoor Furniture Covers,,Outdoor_Furniture_Covers
Home and Garden,Outdoor Living,Outdoor Trash Cans and Enclosures,,Outdoor_Trash_Cans_and_Enclosures
Home and Garden,Outdoor Living,Patio Umbrellas,,Patio_Umbrellas
Home and Garden,Outdoor Living,Planting and Garden Containers,Garden Beds,Garden_Beds
Home and Garden,Outdoor Living,Planting and Garden Containers,"Hanging Baskets, Planters, and Pots",Hanging_Baskets_Planters_and_Pots
Home and Garden,Outdoor Living,Rain Chains,,Rain_Chains
Home and Garden,Outdoor Living,Trash Can Lids and Accessories,,Trash_Can_Lids_and_Accessories
Home and Garden,Outdoor Living,Umbrella Bases,,Umbrella_Bases
Home and Garden,Outdoor Living,Water Fountains,,Water_Fountains
Home and Garden,Outdoor Living,Wind Chimes,,Wind_Chimes
Home and Garden,Party and Celebration,Gift Giving,Gift Bags,Gift_Bags
Home and Garden,Party and Celebration,Gift Giving,Gift Boxes,Gift_Boxes
Home and Garden,Party and Celebration,Party Supplies,Balloons,Balloons
Home and Garden,Party and Celebration,Party Supplies,Confetti,Confetti
Home and Garden,Party and Celebration,Party Supplies,Fog Machine Fluid,Fog_Machine_Fluid
Home and Garden,Party and Celebration,Party Supplies,Party Decoration Sets,Party_Decoration_Sets
Home and Garden,Party and Celebration,Party Supplies,Party Favor Sets,Party_Favor_Sets
Home and Garden,Party and Celebration,Party Supplies,Party Tableware Sets,Party_Tableware_Sets
Home and Garden,Party and Celebration,Party Supplies,Special Effects Machine Accessories,Special_Effects_Machine_Accessories
Home and Garden,Party and Celebration,Party Supplies,Special Effects Machines,Special_Effects_Machines
Home and Garden,Tool Accessories,Drill Bits,,Drill_Bits
Home and Garden,Tool Accessories,Rotary Multi Tools Bits,,Rotary_Multi_Tools_Bits
Home and Garden,Tool Accessories,Router Bits,,Router_Bits
Home and Garden,Tool Storage and Workbenches,Tool Bags,,Tool_Bags
Home and Garden,Tool Storage and Workbenches,Tool Belts,,Tool_Belts
Home and Garden,Tool Storage and Workbenches,Tool Boxes,,Tool_Boxes
Home and Garden,Tool Storage and Workbenches,Tool Cabinets,,Tool_Cabinets
Home and Garden,Tool Storage and Workbenches,Tool Chests,,Tool_Chests
Home and Garden,Tool Storage and Workbenches,Workbench Accessories,,Workbench_Accessories
Home and Garden,Tool Storage and Workbenches,Workbenches,,Workbenches
Home and Garden,Tools,Air Compressors,,Air_Compressors
Home and Garden,Tools,Angle Grinders,,Angle_Grinders
Home and Garden,Tools,Arc Welders,,Arc_Welders
Home and Garden,Tools,Band Saws,,Band_Saws
Home and Garden,Tools,Belt Sanders,,Belt_Sanders
Home and Garden,Tools,Circular Saws,,Circular_Saws
Home and Garden,Tools,Crimpers,,Crimpers
Home and Garden,Tools,Detail Sanders,,Detail_Sanders
Home and Garden,Tools,Disc Sanders,,Disc_Sanders
Home and Garden,Tools,Drills and Drivers,,Drills_and_Drivers
Home and Garden,Tools,Finishing Sanders,,Finishing_Sanders
Home and Garden,Tools,Hammers,,Hammers
Home and Garden,Tools,Hand Saws,,Hand_Saws
Home and Garden,Tools,Hand Tool Sets,,Hand_Tool_Sets
Home and Garden,Tools,Impact Wrenches,,Impact_Wrenches
Home and Garden,Tools,Individual Screwdrivers,,Individual_Screwdrivers
Home and Garden,Tools,Jig Saws,,Jig_Saws
Home and Garden,Tools,Metal Detectors,,Metal_Detectors
Home and Garden,Tools,Miter Saws,,Miter_Saws
Home and Garden,Tools,Multi-Tools and Pocket Knives,,Multi_Tools_and_Pocket_Knives
Home and Garden,Tools,Multimeters,,Multimeters
Home and Garden,Tools,Nail Guns,,Nail_Guns
Home and Garden,Tools,Networking Testers,,Networking_Testers
Home and Garden,Tools,Nut Drivers,,Nut_Drivers
Home and Garden,Tools,Oscillating Multi-Tools,,Oscillating_Multi_Tools
Home and Garden,Tools,Plastic Welders,,Plastic_Welders
Home and Garden,Tools,Pliers,,Pliers
Home and Garden,Tools,Reciprocating Saws,,Reciprocating_Saws
Home and Garden,Tools,Rotary Multi-Tools,,Rotary_Multi_Tools
Home and Garden,Tools,Rotary Saws,,Rotary_Saws
Home and Garden,Tools,Screwdriver Sets,,Screwdriver_Sets
Home and Garden,Tools,Solder Rods,,Solder_Rods
Home and Garden,Tools,Solder Wire,,Solder_Wire
Home and Garden,Tools,Soldering Irons,,Soldering_Irons
Home and Garden,Tools,Soldering Mats,,Soldering_Mats
Home and Garden,Tools,Soldering Tips,,Soldering_Tips
Home and Garden,Tools,Spindle Sanders,,Spindle_Sanders
Home and Garden,Tools,Tape Measures,,Tape_Measures
Home and Garden,Tools,Tool Holsters,,Tool_Holsters
Home and Garden,Tools,Welding Guns and Torches,,Welding_Guns_and_Torches
Home and Garden,Tools,Welding Helmets,,Welding_Helmets
Home and Garden,Tools,Welding Rods,,Welding_Rods
Home and Garden,Tools,Welding Screens,,Welding_Screens
Home and Garden,Tools,Welding Wire,,Welding_Wire
Home and Garden,Tools,Wire Cutters and Strippers,,Wire_Cutters_and_Strippers
Home and Garden,Tools,Wrench Sets,,Wrench_Sets
Home and Garden,Tools,X-Acto and Utility Knives,,X_Acto_and_Utility_Knives
Home and Garden,Weather,Anemometers,,Anemometers
Home and Garden,Weather,Rain Gauges,,Rain_Gauges
Home and Garden,Weather,Single Unit Weather Station,,Single_Unit_Weather_Station
Home and Garden,Weather,Weather Station With Sensor,,Weather_Station_With_Sensor
Home and Garden,Weather,Weather Thermometers,,Weather_Thermometers
Major Appliances,Business and Commercial Appliances,Commercial Vending Machines,,Commercial_Vending_Machines
Major Appliances,Kitchen Appliance Accessories,Appliance Ducts,,Appliance_Ducts
Major Appliances,Kitchen Appliance Accessories,Appliance Filters,,Appliance_Filters
Major Appliances,Kitchen Appliance Accessories,Appliance Hoses,,Appliance_Hoses
Major Appliances,Kitchen Appliance Accessories,Appliance Mounting Kits,,Appliance_Mounting_Kits
Major Appliances,Kitchen Appliance Accessories,Appliance Panels,,Appliance_Panels
Major Appliances,Kitchen Appliance Accessories,Appliance Power Cords,,Appliance_Power_Cords
Major Appliances,Kitchen Appliance Accessories,Cooktop Backguards,,Cooktop_Backguards
Major Appliances,Kitchen Appliance Accessories,"Cooktop, Oven, and Range Accessories",,Cooktop_Oven_and_Range_Accessories
Major Appliances,Kitchen Appliance Accessories,Dishwasher Accessories,,Dishwasher_Accessories
Major Appliances,Kitchen Appliance Accessories,Gas Conversion Kits,,Gas_Conversion_Kits
Major Appliances,Kitchen Appliance Accessories,Ice Maker Installation Kits,,Ice_Maker_Installation_Kits
Major Appliances,Kitchen Appliance Accessories,Oven and Range Storage Drawers,,Oven_and_Range_Storage_Drawers
Major Appliances,Kitchen Appliance Accessories,Range Hood Accessories,,Range_Hood_Accessories
Major Appliances,Kitchen Appliance Accessories,Refrigerator Accessories,,Refrigerator_Accessories
Major Appliances,Kitchen Appliance Accessories,Refrigerator Water Filters,,Refrigerator_Water_Filters
Major Appliances,Kitchen Appliance Accessories,Trim Kits,,Trim_Kits
Major Appliances,Kitchen Appliances,Built-In Dishwashers,,Built_In_Dishwashers
Major Appliances,Kitchen Appliances,Built-In Ice Makers,,Built_In_Ice_Makers
Major Appliances,Kitchen Appliances,Chest Freezers,,Chest_Freezers
Major Appliances,Kitchen Appliances,Compact Refrigerators,,Compact_Refrigerators
Major Appliances,Kitchen Appliances,Countertop and Portable Ice Makers,,Countertop_and_Portable_Ice_Makers
Major Appliances,Kitchen Appliances,Countertop Dishwashers,,Countertop_Dishwashers
Major Appliances,Kitchen Appliances,Dishwasher Drawers,,Dishwasher_Drawers
Major Appliances,Kitchen Appliances,Downdraft Systems and Range Hoods,,Downdraft_Systems_and_Range_Hoods
Major Appliances,Kitchen Appliances,Dual Fuel Cooktops,,Dual_Fuel_Cooktops
Major Appliances,Kitchen Appliances,Dual Fuel Ranges,,Dual_Fuel_Ranges
Major Appliances,Kitchen Appliances,Electric Cooktops,,Electric_Cooktops
Major Appliances,Kitchen Appliances,Electric Double Wall Ovens,,Electric_Double_Wall_Ovens
Major Appliances,Kitchen Appliances,Electric Ranges,,Electric_Ranges
Major Appliances,Kitchen Appliances,Electric Single Wall Ovens,,Electric_Single_Wall_Ovens
Major Appliances,Kitchen Appliances,Electric Water Heaters,,Electric_Water_Heaters
Major Appliances,Kitchen Appliances,Freestanding Ice Makers,,Freestanding_Ice_Makers
Major Appliances,Kitchen Appliances,Full-Size Refrigerators,,Full_Size_Refrigerators
Major Appliances,Kitchen Appliances,Garbage Disposals,,Garbage_Disposals
Major Appliances,Kitchen Appliances,Gas Cooktops,,Gas_Cooktops
Major Appliances,Kitchen Appliances,Gas Ranges,,Gas_Ranges
Major Appliances,Kitchen Appliances,Gas Single Wall Ovens,,Gas_Single_Wall_Ovens
Major Appliances,Kitchen Appliances,Gas Water Heaters,,Gas_Water_Heaters
Major Appliances,Kitchen Appliances,Kegerators,,Kegerators
Major Appliances,Kitchen Appliances,Microwaves,,Microwaves
Major Appliances,Kitchen Appliances,Portable Dishwashers,,Portable_Dishwashers
Major Appliances,Kitchen Appliances,Refrigerator Freezer Drawers,,Refrigerator_Freezer_Drawers
Major Appliances,Kitchen Appliances,Trash Compactors,,Trash_Compactors
Major Appliances,Kitchen Appliances,Upright Freezers,,Upright_Freezers
Major Appliances,Kitchen Appliances,Warming Drawers,,Warming_Drawers
Major Appliances,Kitchen Appliances,Water Coolers,,Water_Coolers
Major Appliances,Kitchen Appliances,Water Softener Systems,,Water_Softener_Systems
Major Appliances,Kitchen Appliances,Wine Coolers,,Wine_Coolers
Major Appliances,Laundry Appliance Accessories,Laundry Pedestals,,Laundry_Pedestals
Major Appliances,Laundry Appliance Accessories,Laundry Stacking Kits,,Laundry_Stacking_Kits
Major Appliances,Laundry Appliances,All-In-One Washer and Dryer Combo Units,,All_In_One_Washer_and_Dryer_Combo_Units
Major Appliances,Laundry Appliances,Compact and Handheld Garment Steamers,,Compact_and_Handheld_Garment_Steamers
Major Appliances,Laundry Appliances,Dry and Steam Irons,,Dry_and_Steam_Irons
Major Appliances,Laundry Appliances,Electric Dryers,,Electric_Dryers
Major Appliances,Laundry Appliances,Front Load Washers,,Front_Load_Washers
Major Appliances,Laundry Appliances,Gas Dryers,,Gas_Dryers
Major Appliances,Laundry Appliances,Portable Clothes Dryers,,Portable_Clothes_Dryers
Major Appliances,Laundry Appliances,Portable Washer and Dryer Combo Units,,Portable_Washer_and_Dryer_Combo_Units
Major Appliances,Laundry Appliances,Portable Washing Machines,,Portable_Washing_Machines
Major Appliances,Laundry Appliances,Press Garment Steamers,,Press_Garment_Steamers
Major Appliances,Laundry Appliances,Stacked Washer and Dryer Combo Units,,Stacked_Washer_and_Dryer_Combo_Units
Major Appliances,Laundry Appliances,Top Load Washers,,Top_Load_Washers
Major Appliances,Laundry Appliances,Upright Garment Steamers,,Upright_Garment_Steamers
Media,eBooks,,,eBooks
Media,Movies,,,Movies
Media,Pre-Recorded Music,,,Pre_Recorded_Music
Media,Print and Audio Books,Childrens Books,,Childrens_Books
Media,Print and Audio Books,General Reading Books,,General_Reading_Books
Media,Print and Audio Books,Graphic Novels,,Graphic_Novels
Media,TV Shows,,,TV_Shows
Musical Instruments,Brass Instruments,French Horns,,French_Horns
Musical Instruments,Brass Instruments,Other Brass Instruments,,Other_Brass_Instruments
Musical Instruments,Brass Instruments,Trumpets and Flugelhorns,,Trumpets_and_Flugelhorns
Musical Instruments,Instrument Accessories,Guitar Picks,,Guitar_Picks
Musical Instruments,Instrument Accessories,Guitar Pickups,,Guitar_Pickups
Musical Instruments,Instrument Accessories,Guitar Slides,,Guitar_Slides
Musical Instruments,Instrument Accessories,Instrument Pedals,,Instrument_Pedals
Musical Instruments,Instrument Accessories,Instrument Straps,,Instrument_Straps
Musical Instruments,Instrument Accessories,Instrument Strings,,Instrument_Strings
Musical Instruments,Instrument Accessories,Instrument Tuners,,Instrument_Tuners
Musical Instruments,Instrument Accessories,Keyboard Benches,,Keyboard_Benches
Musical Instruments,Instrument Accessories,Keyboard Dust Covers,,Keyboard_Dust_Covers
Musical Instruments,Instrument Accessories,Metronomes,,Metronomes
Musical Instruments,Instrument Accessories,Musical Instrument Amplifiers,,Musical_Instrument_Amplifiers
Musical Instruments,Instrument Accessories,Musical Instrument Wall Hangers,,Musical_Instrument_Wall_Hangers
Musical Instruments,Instrument Accessories,Pedal Boards,,Pedal_Boards
Musical Instruments,Instrument Accessories,Wireless Transmitters,,Wireless_Transmitters
Musical Instruments,Instrument and Equipment Cases,Instrument Case Covers,,Instrument_Case_Covers
Musical Instruments,Instrument and Equipment Cases,Instrument Cases,,Instrument_Cases
Musical Instruments,Instrument and Equipment Cases,Rack Cases,,Rack_Cases
Musical Instruments,Instrument and Equipment Cases,Speaker and Amplifier Cases,,Speaker_and_Amplifier_Cases
Musical Instruments,Instruments,Electronic Keyboards,,Electronic_Keyboards
Musical Instruments,Microphones and Accessories,Boom Arms,,Boom_Arms
Musical Instruments,Microphones and Accessories,Microphone Stand Accessories,,Microphone_Stand_Accessories
Musical Instruments,Microphones and Accessories,Microphone Stands,,Microphone_Stands
Musical Instruments,Microphones and Accessories,Microphones,,Microphones
Musical Instruments,Microphones and Accessories,Shockmounts,,Shockmounts
Musical Instruments,Microphones and Accessories,Wind Muffs,,Wind_Muffs
Musical Instruments,Microphones and Accessories,Wireless Receivers,,Wireless_Receivers
Musical Instruments,Musical Stands and Hangers,Instrument Stands,,Instrument_Stands
Musical Instruments,Musical Stands and Hangers,Music Stands,,Music_Stands
Musical Instruments,Musical Stands and Hangers,Musical Keyboard Stands,,Musical_Keyboard_Stands
Musical Instruments,Musical Stands and Hangers,Stand Transports,,Stand_Transports
Musical Instruments,Percussion,Bells and Chimes,,Bells_and_Chimes
Musical Instruments,Percussion,Cajons,,Cajons
Musical Instruments,Percussion,Claves,,Claves
Musical Instruments,Percussion,Congas and Hand Drums,,Congas_and_Hand_Drums
Musical Instruments,Percussion,Cymbals,,Cymbals
Musical Instruments,Percussion,Drum Kits or Sets,,Drum_Kits_or_Sets
Musical Instruments,Percussion,Drum Machines,,Drum_Machines
Musical Instruments,Percussion,Drum Sticks,,Drum_Sticks
Musical Instruments,Percussion,Maracas,,Maracas
Musical Instruments,Percussion,Percussion Accessories,,Percussion_Accessories
Musical Instruments,Percussion,Rainsticks,,Rainsticks
Musical Instruments,Percussion,Snare Drums,,Snare_Drums
Musical Instruments,Percussion,Tambourines,,Tambourines
Musical Instruments,Percussion,Tuned Percussion Tubes,,Tuned_Percussion_Tubes
Musical Instruments,Sheet Music and Instruction Videos,Instrument Instruction Videos,,Instrument_Instruction_Videos
Musical Instruments,Sheet Music and Instruction Videos,Sheet Music,,Sheet_Music
Musical Instruments,Stage Equipment,DJ Lighting,,DJ_Lighting
Musical Instruments,Stage Equipment,DJ Lighting Accessories,,DJ_Lighting_Accessories
Musical Instruments,Stage Equipment,DJ Stage Supplies,,DJ_Stage_Supplies
Musical Instruments,String Instruments,Autoharps,,Autoharps
Musical Instruments,String Instruments,Banjos,,Banjos
Musical Instruments,String Instruments,Cellos,,Cellos
Musical Instruments,String Instruments,Guitars and Bass Guitars,,Guitars_and_Bass_Guitars
Musical Instruments,String Instruments,Mandolins,,Mandolins
Musical Instruments,String Instruments,Ukuleles,,Ukuleles
Musical Instruments,String Instruments,Violins,,Violins
Musical Instruments,Synthesizers and MIDI Controllers,Keyboard and Workstation Synthesizers,,Keyboard_and_Workstation_Synthesizers
Musical Instruments,Synthesizers and MIDI Controllers,MIDI Keyboards and Controllers,,MIDI_Keyboards_and_Controllers
Musical Instruments,Woodwind Instruments,Accordions,,Accordions
Musical Instruments,Woodwind Instruments,Clarinets,,Clarinets
Musical Instruments,Woodwind Instruments,Flutes and Piccolos,,Flutes_and_Piccolos
Musical Instruments,Woodwind Instruments,Harmonicas,,Harmonicas
Musical Instruments,Woodwind Instruments,Saxophones,,Saxophones
Office Supplies,Binding and Laminating,Binder Dividers,,Binder_Dividers
Office Supplies,Binding and Laminating,Binders,,Binders
Office Supplies,Binding and Laminating,Binding Combs and Spines,,Binding_Combs_and_Spines
Office Supplies,Binding and Laminating,Binding Covers,,Binding_Covers
Office Supplies,Binding and Laminating,Binding Machines,,Binding_Machines
Office Supplies,Binding and Laminating,Laminating Machines,,Laminating_Machines
Office Supplies,Binding and Laminating,Laminating Sheets,,Laminating_Sheets
Office Supplies,Binding and Laminating,Sheet Protectors,,Sheet_Protectors
Office Supplies,Business and Tax Forms,Business Forms,,Business_Forms
Office Supplies,Business and Tax Forms,Receipt Books,,Receipt_Books
Office Supplies,Calculators,Basic Calculators,,Basic_Calculators
Office Supplies,Calculators,Financial Calculators,,Financial_Calculators
Office Supplies,Calculators,Graphing Calculators,,Graphing_Calculators
Office Supplies,Calculators,Printing Calculators,,Printing_Calculators
Office Supplies,Calculators,Scientific Calculators,,Scientific_Calculators
Office Supplies,Desk Organizers,Desk and Drawer Organizers,,Desk_and_Drawer_Organizers
Office Supplies,Desk Organizers,Desktop Copy Holders,,Desktop_Copy_Holders
Office Supplies,Desk Organizers,Paper and Letter Trays,,Paper_and_Letter_Trays
Office Supplies,Desk Organizers,Storage Baskets and Bins,,Storage_Baskets_and_Bins
Office Supplies,File Cabinets,,,File_Cabinets
Office Supplies,Footrests,,,Footrests
Office Supplies,Index Cards and Folders,Hanging File Folders,,Hanging_File_Folders
Office Supplies,Index Cards and Folders,Pocket Folders,,Pocket_Folders
Office Supplies,Ink Stamps and Pads,Ink Pad Refills,,Ink_Pad_Refills
Office Supplies,Ink Stamps and Pads,Ink Pads,,Ink_Pads
Office Supplies,Ink Stamps and Pads,Ink Stamps,,Ink_Stamps
Office Supplies,Labeling Supplies,CD and Media Labels,,CD_and_Media_Labels
Office Supplies,Labeling Supplies,Label Makers,,Label_Makers
Office Supplies,Labeling Supplies,Labeling Tapes,,Labeling_Tapes
Office Supplies,Labeling Supplies,Mailing and Shipping Labels,,Mailing_and_Shipping_Labels
Office Supplies,Lanyards,,,Lanyards
Office Supplies,Money Handling,Cash Register and Point of Sale System Accessories,,Cash_Register_and_Point_of_Sale_System_Accessories
Office Supplies,Money Handling,Cash Register and Point of Sale Systems,,Cash_Register_and_Point_of_Sale_Systems
Office Supplies,Office Equipment,Digital Translators,,Digital_Translators
Office Supplies,Office Equipment,Electronic Dictionaries and Translators,,Electronic_Dictionaries_and_Translators
Office Supplies,Office Equipment,Electronic Organizers,,Electronic_Organizers
Office Supplies,Office Supplies Fasteners,Paper Fasteners,,Paper_Fasteners
Office Supplies,Packing and Shipping Supplies,Packing List Envelopes,,Packing_List_Envelopes
Office Supplies,Packing and Shipping Supplies,Packing Tape,,Packing_Tape
Office Supplies,Packing and Shipping Supplies,Packing Tape Dispensers,,Packing_Tape_Dispensers
Office Supplies,Packing and Shipping Supplies,Shipping Boxes,,Shipping_Boxes
Office Supplies,Paper,Copy and Multipurpose Paper,,Copy_and_Multipurpose_Paper
Office Supplies,Paper,Diaries and Journals,,Diaries_and_Journals
Office Supplies,Paper,Executive Notebooks,,Executive_Notebooks
Office Supplies,Paper,Magnetic Sheets,,Magnetic_Sheets
Office Supplies,Paper,Photo Paper,,Photo_Paper
Office Supplies,Paper,Printer Paper,,Printer_Paper
Office Supplies,Paper,Sticker Project Paper,,Sticker_Project_Paper
Office Supplies,Paper,Student Notebooks and Pads,,Student_Notebooks_and_Pads
Office Supplies,Planners and Calendars,Desk Calendars,,Desk_Calendars
Office Supplies,Planners and Calendars,Wall Calendars,,Wall_Calendars
Office Supplies,Postal and Packaging,Envelopes,,Envelopes
Office Supplies,Postal and Packaging,Letter Openers,,Letter_Openers
Office Supplies,Postal and Packaging,Postage Stamps,,Postage_Stamps
Office Supplies,Postal and Packaging,Postal Scales and Meters,,Postal_Scales_and_Meters
Office Supplies,Presentation Supplies,Laser Pointers,,Laser_Pointers
Office Supplies,Presentation Supplies,Remote Presenters,,Remote_Presenters
Office Supplies,Presentation Supplies,White Boards,,White_Boards
Office Supplies,Recorders,Voice Recorders,,Voice_Recorders
Office Supplies,Rulers,,,Rulers
Office Supplies,Scissors,,,Scissors
Office Supplies,Shredders,,,Shredders
Office Supplies,Staplers and Hole Punches,Hole Punches,,Hole_Punches
Office Supplies,Staplers and Hole Punches,Office Staples,,Office_Staples
Office Supplies,Staplers and Hole Punches,Staplers,,Staplers
Office Supplies,Sticky Notes and Dispensers,Sticky Notes,,Sticky_Notes
Office Supplies,Tape and Glue,Glue Sticks,,Glue_Sticks
Office Supplies,Tape and Glue,Liquid Glue,,Liquid_Glue
Office Supplies,Tape and Glue,Standard Tape,,Standard_Tape
Office Supplies,Typewriters and Accessories,Typewriter Correction Tape,,Typewriter_Correction_Tape
Office Supplies,Typewriters and Accessories,Typewriter Ink Ribbons,,Typewriter_Ink_Ribbons
Office Supplies,Typewriters and Accessories,Typewriters,,Typewriters
Office Supplies,Writing Instruments and Accessories,Pen Refills,,Pen_Refills
Office Supplies,Writing Instruments and Accessories,Pencils,,Pencils
Office Supplies,Writing Instruments and Accessories,Pens,,Pens
Pet Supplies,Pet Beds and Bedding,Pet Beds,,Pet_Beds
Pet Supplies,Pet Beds and Bedding,Pet Blankets,,Pet_Blankets
Pet Supplies,Pet Collars and Harnesses,Leashes,,Leashes
Pet Supplies,Pet Collars and Harnesses,Pet Collars,,Pet_Collars
Pet Supplies,Pet Collars and Harnesses,Pet Harnesses,,Pet_Harnesses
Pet Supplies,Pet Electronics,Pet Activity Trackers,,Pet_Activity_Trackers
Pet Supplies,Pet Food and Feeding,Pet Feeders,,Pet_Feeders
Pet Supplies,Pet Food and Feeding,Pet Treats,,Pet_Treats
Pet Supplies,Pet Food and Feeding,Pet Waterers,,Pet_Waterers
Pet Supplies,Pet Grooming Supplies,Pet Brushes and Combs,,Pet_Brushes_and_Combs
Pet Supplies,Pet Grooming Supplies,Pet Shampoos and Conditioners,,Pet_Shampoos_and_Conditioners
Pet Supplies,Pet Health Aids,Flea and Tick Repellants and Treatments,,Flea_and_Tick_Repellants_and_Treatments
Pet Supplies,Pet Health Aids,Pet Supplements and Vitamins,,Pet_Supplements_and_Vitamins
Pet Supplies,Pet Housing and Cages,Pet Carriers Crates and Kennels,,Pet_Carriers_Crates_and_Kennels
Pet Supplies,Pet Housing and Cages,Pet Houses,,Pet_Houses
Pet Supplies,Pet Toys and Activities,Pet Toys,,Pet_Toys
Pet Supplies,Pet Waste Mangement,Pet Litter Boxes,,Pet_Litter_Boxes
"Photography, Digital Imaging, and Optics",Camera Parts and Accessories,Camera Bags and Cases,,Camera_Bags_and_Cases
"Photography, Digital Imaging, and Optics",Camera Parts and Accessories,Camera Film,,Camera_Film
"Photography, Digital Imaging, and Optics",Camera Parts and Accessories,Camera Flash Adapters,,Camera_Flash_Adapters
"Photography, Digital Imaging, and Optics",Camera Parts and Accessories,Camera Flashes,,Camera_Flashes
"Photography, Digital Imaging, and Optics",Camera Parts and Accessories,Camera Housings,,Camera_Housings
"Photography, Digital Imaging, and Optics",Camera Parts and Accessories,Camera Lens Caps,,Camera_Lens_Caps
"Photography, Digital Imaging, and Optics",Camera Parts and Accessories,Camera Lens Filters,,Camera_Lens_Filters
"Photography, Digital Imaging, and Optics",Camera Parts and Accessories,Camera Lens Hoods,,Camera_Lens_Hoods
"Photography, Digital Imaging, and Optics",Camera Parts and Accessories,Camera Lenses,,Camera_Lenses
"Photography, Digital Imaging, and Optics",Camera Parts and Accessories,Camera Locks,,Camera_Locks
"Photography, Digital Imaging, and Optics",Camera Parts and Accessories,Camera Mount Adapters,,Camera_Mount_Adapters
"Photography, Digital Imaging, and Optics",Camera Parts and Accessories,Camera Mounts,,Camera_Mounts
"Photography, Digital Imaging, and Optics",Camera Parts and Accessories,Camera Screen Protectors,,Camera_Screen_Protectors
"Photography, Digital Imaging, and Optics",Camera Parts and Accessories,Camera Straps,,Camera_Straps
"Photography, Digital Imaging, and Optics",Camera Parts and Accessories,Camera Tripods and Monopods,,Camera_Tripods_and_Monopods
"Photography, Digital Imaging, and Optics",Camera Parts and Accessories,Electronic Viewfinders,,Electronic_Viewfinders
"Photography, Digital Imaging, and Optics",Camera Parts and Accessories,Film Scanners and Converters,,Film_Scanners_and_Converters
"Photography, Digital Imaging, and Optics",Camera Parts and Accessories,Instant Film,,Instant_Film
"Photography, Digital Imaging, and Optics",Camera Parts and Accessories,Lens Adapters,,Lens_Adapters
"Photography, Digital Imaging, and Optics",Camera Parts and Accessories,Optical Viewfinders,,Optical_Viewfinders
"Photography, Digital Imaging, and Optics",Camera Parts and Accessories,Photo Albums,,Photo_Albums
"Photography, Digital Imaging, and Optics",Camera Parts and Accessories,Photo and Video Lights,,Photo_and_Video_Lights
"Photography, Digital Imaging, and Optics",Camera Parts and Accessories,Photo Meters,,Photo_Meters
"Photography, Digital Imaging, and Optics",Camera Parts and Accessories,Photography Backgrounds,,Photography_Backgrounds
"Photography, Digital Imaging, and Optics",Camera Parts and Accessories,Photography Light Modifiers,,Photography_Light_Modifiers
"Photography, Digital Imaging, and Optics",Camera Parts and Accessories,Photography Stabilizers and Supports,,Photography_Stabilizers_and_Supports
"Photography, Digital Imaging, and Optics",Camera Parts and Accessories,Tripod and Monopod Accessories,,Tripod_and_Monopod_Accessories
"Photography, Digital Imaging, and Optics",Cameras and Camcorders,Camcorders,,Camcorders
"Photography, Digital Imaging, and Optics",Cameras and Camcorders,Digital Cameras,,Digital_Cameras
"Photography, Digital Imaging, and Optics",Cameras and Camcorders,Film Cameras,,Film_Cameras
"Photography, Digital Imaging, and Optics",Cameras and Camcorders,Trail Cameras,,Trail_Cameras
"Photography, Digital Imaging, and Optics",Cameras and Camcorders,Web Cameras,,Web_Cameras
"Photography, Digital Imaging, and Optics",Digital Signage Displays and Players,,,Digital_Signage_Displays_and_Players
"Photography, Digital Imaging, and Optics",Microscopes,Compound Microscopes,,Compound_Microscopes
"Photography, Digital Imaging, and Optics",Microscopes,Digital Microscopes,,Digital_Microscopes
"Photography, Digital Imaging, and Optics",Microscopes,Stereo Microscopes,,Stereo_Microscopes
"Photography, Digital Imaging, and Optics",Optics,Binoculars,,Binoculars
"Photography, Digital Imaging, and Optics",Optics,Magnifiers,,Magnifiers
"Photography, Digital Imaging, and Optics",Optics,Microscope Accessories,,Microscope_Accessories
"Photography, Digital Imaging, and Optics",Optics,Night Vision and Monoculars,,Night_Vision_and_Monoculars
"Photography, Digital Imaging, and Optics",Optics,Rangefinders,,Rangefinders
"Photography, Digital Imaging, and Optics",Optics,Spotting Scopes,,Spotting_Scopes
"Photography, Digital Imaging, and Optics",Optics,Telescopes,,Telescopes
"Photography, Digital Imaging, and Optics",Optics Accessories,Eyepieces,,Eyepieces
"Photography, Digital Imaging, and Optics",Optics Accessories,Telescope Cases,,Telescope_Cases
"Photography, Digital Imaging, and Optics",Optics Accessories,Telescope Lens Caps,,Telescope_Lens_Caps
Small Appliances,Floor and Carpet Cleaner Accessories,Floor and Carpet Cleaner Attachment Tools,,Floor_and_Carpet_Cleaner_Attachment_Tools
Small Appliances,Floor and Carpet Cleaner Accessories,Floor and Carpet Cleaner Bags,,Floor_and_Carpet_Cleaner_Bags
Small Appliances,Floor and Carpet Cleaner Accessories,Floor and Carpet Cleaner Filters,,Floor_and_Carpet_Cleaner_Filters
Small Appliances,Floor and Carpet Cleaner Accessories,Floor and Carpet Cleaning Pads and Cloths,,Floor_and_Carpet_Cleaning_Pads_and_Cloths
Small Appliances,Floor and Carpet Cleaners,Canister Vacuums,,Canister_Vacuums
Small Appliances,Floor and Carpet Cleaners,Handheld Vacuums,,Handheld_Vacuums
Small Appliances,Floor and Carpet Cleaners,Robotic Vacuums,,Robotic_Vacuums
Small Appliances,Floor and Carpet Cleaners,Steam and Deep Cleaners,,Steam_and_Deep_Cleaners
Small Appliances,Floor and Carpet Cleaners,Stick Vacuums,,Stick_Vacuums
Small Appliances,Floor and Carpet Cleaners,Sweepers,,Sweepers
Small Appliances,Floor and Carpet Cleaners,Upright Vacuums,,Upright_Vacuums
Small Appliances,Heating and Cooling,Air Purifiers,,Air_Purifiers
Small Appliances,Heating and Cooling,Ceiling Fans,,Ceiling_Fans
Small Appliances,Heating and Cooling,Dehumidifiers,,Dehumidifiers
Small Appliances,Heating and Cooling,Electric Heaters,,Electric_Heaters
Small Appliances,Heating and Cooling,Evaporative Coolers,,Evaporative_Coolers
Small Appliances,Heating and Cooling,Gas Heaters,,Gas_Heaters
Small Appliances,Heating and Cooling,Heating and Cooling Replacement Filters,,Heating_and_Cooling_Replacement_Filters
Small Appliances,Heating and Cooling,Humidifiers,,Humidifiers
Small Appliances,Heating and Cooling,In-Wall Air Conditioners,,In_Wall_Air_Conditioners
Small Appliances,Heating and Cooling,Mini Split Air Conditioners,,Mini_Split_Air_Conditioners
Small Appliances,Heating and Cooling,Portable Air Conditioners,,Portable_Air_Conditioners
Small Appliances,Heating and Cooling,Portable Fans,,Portable_Fans
Small Appliances,Heating and Cooling,Programmable Thermostats,,Programmable_Thermostats
Small Appliances,Heating and Cooling,Shoe and Boot Dryers,,Shoe_and_Boot_Dryers
Small Appliances,Heating and Cooling,Window Air Conditioners,,Window_Air_Conditioners
Small Appliances,Kitchen and Dining,Cookware and Bakeware,Bakeware Sets,Bakeware_Sets
Small Appliances,Kitchen and Dining,Cookware and Bakeware,Baking Dishes and Pans,Baking_Dishes_and_Pans
Small Appliances,Kitchen and Dining,Cookware and Bakeware,Baking Sheets,Baking_Sheets
Small Appliances,Kitchen and Dining,Cookware and Bakeware,Cookware Lids,Cookware_Lids
Small Appliances,Kitchen and Dining,Cookware and Bakeware,Cookware Sets,Cookware_Sets
Small Appliances,Kitchen and Dining,Cookware and Bakeware,Dutch Ovens,Dutch_Ovens
Small Appliances,Kitchen and Dining,Cookware and Bakeware,Griddle Pans,Griddle_Pans
Small Appliances,Kitchen and Dining,Cookware and Bakeware,Pizza Pans and Stones,Pizza_Pans_and_Stones
Small Appliances,Kitchen and Dining,Cookware and Bakeware,Pressure Cookers,Pressure_Cookers
Small Appliances,Kitchen and Dining,Cookware and Bakeware,Sauce and Saute Pans,Sauce_and_Saute_Pans
Small Appliances,Kitchen and Dining,Cookware and Bakeware,Sauce Pans,Sauce_Pans
Small Appliances,Kitchen and Dining,Cookware and Bakeware,Sauce Pots,Sauce_Pots
Small Appliances,Kitchen and Dining,Cookware and Bakeware,Skillets,Skillets
Small Appliances,Kitchen and Dining,Cookware and Bakeware,Stock Pots,Stock_Pots
Small Appliances,Kitchen and Dining,Cookware and Bakeware,Woks,Woks
Small Appliances,Kitchen and Dining,Dining Serving and Drinkware,Cups Glasses and Mugs,Cups_Glasses_and_Mugs
Small Appliances,Kitchen and Dining,Dining Serving and Drinkware,Dinnerware Sets,Dinnerware_Sets
Small Appliances,Kitchen and Dining,Dining Serving and Drinkware,Flatware,Flatware
Small Appliances,Kitchen and Dining,Dining Serving and Drinkware,Salt and Pepper Mills and Shakers,Salt_and_Pepper_Mills_and_Shakers
Small Appliances,Kitchen and Dining,Dining Serving and Drinkware,Tea Pots,Tea_Pots
Small Appliances,Kitchen and Dining,Dining Serving and Drinkware,Wine Bottle Openers,Wine_Bottle_Openers
Small Appliances,Kitchen and Dining,Food Storage,Food Storage Containers,Food_Storage_Containers
Small Appliances,Kitchen and Dining,Food Storage,Portable Coolers and Warmers,Portable_Coolers_and_Warmers
Small Appliances,Kitchen and Dining,Food Storage,Portable Coolers and Warmers Accessories,Portable_Coolers_and_Warmers_Accessories
Small Appliances,Kitchen and Dining,Food Storage,Thermal and Travel Mug Accessories,Thermal_and_Travel_Mug_Accessories
Small Appliances,Kitchen and Dining,Food Storage,Thermal and Travel Mugs,Thermal_and_Travel_Mugs
Small Appliances,Kitchen and Dining,Food Storage,Vacuum Sealer Bags,Vacuum_Sealer_Bags
Small Appliances,Kitchen and Dining,Food Storage,Water Bottle Accessories,Water_Bottle_Accessories
Small Appliances,Kitchen and Dining,Food Storage,Water Bottles,Water_Bottles
Small Appliances,Kitchen and Dining,Kitchen Tools and Utensils,Baking Peels,Baking_Peels
Small Appliances,Kitchen and Dining,Kitchen Tools and Utensils,Colanders,Colanders
Small Appliances,Kitchen and Dining,Kitchen Tools and Utensils,Cooking Utensils and Sets,Cooking_Utensils_and_Sets
Small Appliances,Kitchen and Dining,Kitchen Tools and Utensils,Cutlery,Cutlery
Small Appliances,Kitchen and Dining,Kitchen Tools and Utensils,Cutlery and Utensil Holders,Cutlery_and_Utensil_Holders
Small Appliances,Kitchen and Dining,Kitchen Tools and Utensils,Food Thermometers,Food_Thermometers
Small Appliances,Kitchen and Dining,Kitchen Tools and Utensils,Graters,Graters
Small Appliances,Kitchen and Dining,Kitchen Tools and Utensils,Herb and Salad Spinners,Herb_and_Salad_Spinners
Small Appliances,Kitchen and Dining,Kitchen Tools and Utensils,Kitchen Cookware Racks,Kitchen_Cookware_Racks
Small Appliances,Kitchen and Dining,Kitchen Tools and Utensils,Kitchen Cutting Boards,Kitchen_Cutting_Boards
Small Appliances,Kitchen and Dining,Kitchen Tools and Utensils,Kitchen Dish Racks,Kitchen_Dish_Racks
Small Appliances,Kitchen and Dining,Kitchen Tools and Utensils,Kitchen Scales,Kitchen_Scales
Small Appliances,Kitchen and Dining,Kitchen Tools and Utensils,Kitchen Timers,Kitchen_Timers
Small Appliances,Kitchen and Dining,Kitchen Tools and Utensils,Knife Sharpeners,Knife_Sharpeners
Small Appliances,Kitchen and Dining,Kitchen Tools and Utensils,Measuring Cup Sets,Measuring_Cup_Sets
Small Appliances,Kitchen and Dining,Kitchen Tools and Utensils,Measuring Spoons,Measuring_Spoons
Small Appliances,Kitchen and Dining,Kitchen Tools and Utensils,Mixing Bowls,Mixing_Bowls
Small Appliances,Kitchen and Dining,Kitchen Tools and Utensils,Paper Towel Holders,Paper_Towel_Holders
Small Appliances,Kitchen and Dining,Kitchen Tools and Utensils,Pizza Cutters,Pizza_Cutters
Small Appliances,Kitchen and Dining,Kitchen Tools and Utensils,Pod Storage Units,Pod_Storage_Units
Small Appliances,Kitchen and Dining,Kitchen Tools and Utensils,"Sieves, Strainers, and Funnels",Sieves_Strainers_and_Funnels
Small Appliances,Kitchen and Dining,Kitchen Tools and Utensils,Slicers and Mandolins,Slicers_and_Mandolins
Small Appliances,Kitchen and Dining,Kitchen Tools and Utensils,Tongs,Tongs
Small Appliances,Kitchen and Dining,Small Kitchen Appliance Accessories,Blender Accessories,Blender_Accessories
Small Appliances,Kitchen and Dining,Small Kitchen Appliance Accessories,Coffeemaker Accessories,Coffeemaker_Accessories
Small Appliances,Kitchen and Dining,Small Kitchen Appliance Accessories,Home Brewing Kit Accessories,Home_Brewing_Kit_Accessories
Small Appliances,Kitchen and Dining,Small Kitchen Appliance Accessories,Juicer Accessories,Juicer_Accessories
Small Appliances,Kitchen and Dining,Small Kitchen Appliance Accessories,Kitchen Mixer Accessories,Kitchen_Mixer_Accessories
Small Appliances,Kitchen and Dining,Small Kitchen Appliance Accessories,Pressure Cooker Accessories,Pressure_Cooker_Accessories
Small Appliances,Kitchen and Dining,Small Kitchen Appliance Accessories,Soda Maker Accessories,Soda_Maker_Accessories
Small Appliances,Kitchen and Dining,Small Kitchen Appliance Accessories,Toaster Accessories,Toaster_Accessories
Small Appliances,Kitchen and Dining,Small Kitchen Appliance Accessories,Yogurt Maker Accessories,Yogurt_Maker_Accessories
Small Appliances,Kitchen and Dining,Small Kitchen Appliances,Air and Deep Fryers,Air_and_Deep_Fryers
Small Appliances,Kitchen and Dining,Small Kitchen Appliances,Bread Makers,Bread_Makers
Small Appliances,Kitchen and Dining,Small Kitchen Appliances,Buffet Warming Trays,Buffet_Warming_Trays
Small Appliances,Kitchen and Dining,Small Kitchen Appliances,Can Openers,Can_Openers
Small Appliances,Kitchen and Dining,Small Kitchen Appliances,Carbonators,Carbonators
Small Appliances,Kitchen and Dining,Small Kitchen Appliances,Coffee Carafes,Coffee_Carafes
Small Appliances,Kitchen and Dining,Small Kitchen Appliances,Coffeemakers,Coffeemakers
Small Appliances,Kitchen and Dining,Small Kitchen Appliances,Countertop Blenders,Countertop_Blenders
Small Appliances,Kitchen and Dining,Small Kitchen Appliances,Countertop Milk Coolers,Countertop_Milk_Coolers
Small Appliances,Kitchen and Dining,Small Kitchen Appliances,Egg Cookers,Egg_Cookers
Small Appliances,Kitchen and Dining,Small Kitchen Appliances,Electric Coffee Grinders,Electric_Coffee_Grinders
Small Appliances,Kitchen and Dining,Small Kitchen Appliances,Electric Coffee Urns,Electric_Coffee_Urns
Small Appliances,Kitchen and Dining,Small Kitchen Appliances,Electric Griddles,Electric_Griddles
Small Appliances,Kitchen and Dining,Small Kitchen Appliances,Electric Kettles,Electric_Kettles
Small Appliances,Kitchen and Dining,Small Kitchen Appliances,Electric Knives,Electric_Knives
Small Appliances,Kitchen and Dining,Small Kitchen Appliances,Electric Skillets,Electric_Skillets
Small Appliances,Kitchen and Dining,Small Kitchen Appliances,Espresso Makers,Espresso_Makers
Small Appliances,Kitchen and Dining,Small Kitchen Appliances,Fondue Pots and Sets,Fondue_Pots_and_Sets
Small Appliances,Kitchen and Dining,Small Kitchen Appliances,Food Dehydrators,Food_Dehydrators
Small Appliances,Kitchen and Dining,Small Kitchen Appliances,Food Mills,Food_Mills
Small Appliances,Kitchen and Dining,Small Kitchen Appliances,Food Processors,Food_Processors
Small Appliances,Kitchen and Dining,Small Kitchen Appliances,Food Steamers,Food_Steamers
Small Appliances,Kitchen and Dining,Small Kitchen Appliances,Hand Mixers,Hand_Mixers
Small Appliances,Kitchen and Dining,Small Kitchen Appliances,Handheld Blenders,Handheld_Blenders
Small Appliances,Kitchen and Dining,Small Kitchen Appliances,Home Brewing Kits,Home_Brewing_Kits
Small Appliances,Kitchen and Dining,Small Kitchen Appliances,Hydroponic Systems,Hydroponic_Systems
Small Appliances,Kitchen and Dining,Small Kitchen Appliances,Ice Cream Makers,Ice_Cream_Makers
Small Appliances,Kitchen and Dining,Small Kitchen Appliances,Juicers,Juicers
Small Appliances,Kitchen and Dining,Small Kitchen Appliances,Meat Grinders,Meat_Grinders
Small Appliances,Kitchen and Dining,Small Kitchen Appliances,Milk Frothers,Milk_Frothers
Small Appliances,Kitchen and Dining,Small Kitchen Appliances,Noncommercial Vending Machines,Noncommercial_Vending_Machines
Small Appliances,Kitchen and Dining,Small Kitchen Appliances,Novelty Food Makers,Novelty_Food_Makers
Small Appliances,Kitchen and Dining,Small Kitchen Appliances,Pasta Makers,Pasta_Makers
Small Appliances,Kitchen and Dining,Small Kitchen Appliances,Percolators,Percolators
Small Appliances,Kitchen and Dining,Small Kitchen Appliances,Pizza Ovens,Pizza_Ovens
Small Appliances,Kitchen and Dining,Small Kitchen Appliances,Popcorn Poppers,Popcorn_Poppers
Small Appliances,Kitchen and Dining,Small Kitchen Appliances,Quesadilla and Sandwich Makers,Quesadilla_and_Sandwich_Makers
Small Appliances,Kitchen and Dining,Small Kitchen Appliances,Rice Cookers,Rice_Cookers
Small Appliances,Kitchen and Dining,Small Kitchen Appliances,Slow Cookers,Slow_Cookers
Small Appliances,Kitchen and Dining,Small Kitchen Appliances,Soda Maker,Soda_Maker
Small Appliances,Kitchen and Dining,Small Kitchen Appliances,Sous Vide Precision Cookers,Sous_Vide_Precision_Cookers
Small Appliances,Kitchen and Dining,Small Kitchen Appliances,Stand Mixers,Stand_Mixers
Small Appliances,Kitchen and Dining,Small Kitchen Appliances,Toaster Ovens,Toaster_Ovens
Small Appliances,Kitchen and Dining,Small Kitchen Appliances,Toasters,Toasters
Small Appliances,Kitchen and Dining,Small Kitchen Appliances,Vacuum Sealers,Vacuum_Sealers
Small Appliances,Kitchen and Dining,Small Kitchen Appliances,Waffle Makers,Waffle_Makers
Small Appliances,Kitchen and Dining,Small Kitchen Appliances,Wine Accessories,Wine_Accessories
Small Appliances,Kitchen and Dining,Small Kitchen Appliances,Yogurt Makers,Yogurt_Makers
Small Appliances,Kitchen and Dining,Water Dispensing and Filtration,Faucet Mount Sink Filters,Faucet_Mount_Sink_Filters
Small Appliances,Kitchen and Dining,Water Dispensing and Filtration,Under the Sink Filters,Under_the_Sink_Filters
Small Appliances,Kitchen and Dining,Water Dispensing and Filtration,Water Bottle Filters,Water_Bottle_Filters
Small Appliances,Kitchen and Dining,Water Dispensing and Filtration,Water Filtration Gravity Systems,Water_Filtration_Gravity_Systems
Small Appliances,Kitchen and Dining,Water Dispensing and Filtration,Water Filtration Pitchers,Water_Filtration_Pitchers
Small Appliances,Kitchen and Dining,Water Dispensing and Filtration,Water Filtration Straws,Water_Filtration_Straws
Small Appliances,Kitchen and Dining,Water Dispensing and Filtration,Water Pitcher Filters,Water_Pitcher_Filters
"Sports, Fitness, and Recreation",Athletics,Balls,Baseballs and Softballs,Baseballs_and_Softballs
"Sports, Fitness, and Recreation",Athletics,Balls,Basketballs,Basketballs
"Sports, Fitness, and Recreation",Athletics,Balls,Billiard Balls,Billiard_Balls
"Sports, Fitness, and Recreation",Athletics,Balls,Dodgeballs,Dodgeballs
"Sports, Fitness, and Recreation",Athletics,Balls,Foosballs,Foosballs
"Sports, Fitness, and Recreation",Athletics,Balls,Footballs,Footballs
"Sports, Fitness, and Recreation",Athletics,Balls,Golf Balls,Golf_Balls
"Sports, Fitness, and Recreation",Athletics,Balls,Hockey Pucks,Hockey_Pucks
"Sports, Fitness, and Recreation",Athletics,Balls,Pickleballs,Pickleballs
"Sports, Fitness, and Recreation",Athletics,Balls,Racquetballs,Racquetballs
"Sports, Fitness, and Recreation",Athletics,Balls,Shuffleboard Pucks,Shuffleboard_Pucks
"Sports, Fitness, and Recreation",Athletics,Balls,Soccer Balls,Soccer_Balls
"Sports, Fitness, and Recreation",Athletics,Balls,Table Tennis Balls,Table_Tennis_Balls
"Sports, Fitness, and Recreation",Athletics,Balls,Tennis Balls,Tennis_Balls
"Sports, Fitness, and Recreation",Athletics,Balls,Volleyballs,Volleyballs
"Sports, Fitness, and Recreation",Athletics,Baseball and Softball Equipment,Baseball and Softball Bases,Baseball_and_Softball_Bases
"Sports, Fitness, and Recreation",Athletics,Baseball and Softball Equipment,Batting Tees,Batting_Tees
"Sports, Fitness, and Recreation",Athletics,Basketball Equipment,Basketball Hoops,Basketball_Hoops
"Sports, Fitness, and Recreation",Athletics,Boxing and Martial Arts,Headgear,Headgear
"Sports, Fitness, and Recreation",Athletics,Boxing and Martial Arts,Punch and Kick Bags,Punch_and_Kick_Bags
"Sports, Fitness, and Recreation",Athletics,Football Equipment,Flag Football Equipment,Flag_Football_Equipment
"Sports, Fitness, and Recreation",Athletics,Goals and Nets,Badminton Nets,Badminton_Nets
"Sports, Fitness, and Recreation",Athletics,Goals and Nets,Baseball Nets,Baseball_Nets
"Sports, Fitness, and Recreation",Athletics,Goals and Nets,Golf Nets,Golf_Nets
"Sports, Fitness, and Recreation",Athletics,Goals and Nets,Hockey Goals,Hockey_Goals
"Sports, Fitness, and Recreation",Athletics,Goals and Nets,Pickleball and Tennis Nets,Pickleball_and_Tennis_Nets
"Sports, Fitness, and Recreation",Athletics,Goals and Nets,Soccer Goals,Soccer_Goals
"Sports, Fitness, and Recreation",Athletics,Goals and Nets,Soccer Nets,Soccer_Nets
"Sports, Fitness, and Recreation",Athletics,Goals and Nets,Volleyball Nets,Volleyball_Nets
"Sports, Fitness, and Recreation",Athletics,Sporting Gloves,,Sporting_Gloves
"Sports, Fitness, and Recreation",Athletics,Sporting Helmets,,Sporting_Helmets
"Sports, Fitness, and Recreation",Athletics,Sports Equipment Bags,Baseball Bags,Baseball_Bags
"Sports, Fitness, and Recreation",Athletics,Sports Equipment Bags,Golf Bags,Golf_Bags
"Sports, Fitness, and Recreation",Athletics,Sports Equipment Bags,Paddle and Racquet Bags,Paddle_and_Racquet_Bags
"Sports, Fitness, and Recreation",Athletics,Sports Equipment Bags,Skiing and Snowboarding Bags,Skiing_and_Snowboarding_Bags
"Sports, Fitness, and Recreation",Athletics,Sports Equipment Bags,Stick Bags,Stick_Bags
"Sports, Fitness, and Recreation",Athletics,Sports Protective Body Padding,,Sports_Protective_Body_Padding
"Sports, Fitness, and Recreation",Athletics,Stand Up Paddle Boards,,Stand_Up_Paddle_Boards
"Sports, Fitness, and Recreation",Athletics,"Sticks, Clubs, and Racquets",Baseball and Softball Bats,Baseball_and_Softball_Bats
"Sports, Fitness, and Recreation",Athletics,"Sticks, Clubs, and Racquets",Golf Clubs,Golf_Clubs
"Sports, Fitness, and Recreation",Athletics,"Sticks, Clubs, and Racquets",Hockey Sticks,Hockey_Sticks
"Sports, Fitness, and Recreation",Athletics,"Sticks, Clubs, and Racquets",Lacrosse Sticks,Lacrosse_Sticks
"Sports, Fitness, and Recreation",Athletics,"Sticks, Clubs, and Racquets",Paddles and Racquets,Paddles_and_Racquets
"Sports, Fitness, and Recreation",Athletics,Supporters and Pads,,Supporters_and_Pads
"Sports, Fitness, and Recreation",Exercise and Fitness,Ab and Core Trainers,,Ab_and_Core_Trainers
"Sports, Fitness, and Recreation",Exercise and Fitness,Ab and Stability Balls and Pods,,Ab_and_Stability_Balls_and_Pods
"Sports, Fitness, and Recreation",Exercise and Fitness,Adjustable Weights,,Adjustable_Weights
"Sports, Fitness, and Recreation",Exercise and Fitness,Aerobic Steppers,,Aerobic_Steppers
"Sports, Fitness, and Recreation",Exercise and Fitness,Balance Discs,,Balance_Discs
"Sports, Fitness, and Recreation",Exercise and Fitness,Bicycle Trainer Accessories,,Bicycle_Trainer_Accessories
"Sports, Fitness, and Recreation",Exercise and Fitness,Bicycle Trainers,,Bicycle_Trainers
"Sports, Fitness, and Recreation",Exercise and Fitness,Dumbbells,,Dumbbells
"Sports, Fitness, and Recreation",Exercise and Fitness,Ellipticals,,Ellipticals
"Sports, Fitness, and Recreation",Exercise and Fitness,Exercise and Weightlifting Bars,,Exercise_and_Weightlifting_Bars
"Sports, Fitness, and Recreation",Exercise and Fitness,Exercise Bikes,,Exercise_Bikes
"Sports, Fitness, and Recreation",Exercise and Fitness,Exercise Mats,,Exercise_Mats
"Sports, Fitness, and Recreation",Exercise and Fitness,Fitness Equipment Anchors and Mounts,,Fitness_Equipment_Anchors_and_Mounts
"Sports, Fitness, and Recreation",Exercise and Fitness,Fitness Equipment Attachments and Parts,,Fitness_Equipment_Attachments_and_Parts
"Sports, Fitness, and Recreation",Exercise and Fitness,Fitness Equipment Storage Kits,,Fitness_Equipment_Storage_Kits
"Sports, Fitness, and Recreation",Exercise and Fitness,Fitness Gliders,,Fitness_Gliders
"Sports, Fitness, and Recreation",Exercise and Fitness,Hydration Belts,,Hydration_Belts
"Sports, Fitness, and Recreation",Exercise and Fitness,Inversion Tables,,Inversion_Tables
"Sports, Fitness, and Recreation",Exercise and Fitness,Jump Ropes,,Jump_Ropes
"Sports, Fitness, and Recreation",Exercise and Fitness,Kettlebells,,Kettlebells
"Sports, Fitness, and Recreation",Exercise and Fitness,Medicine Balls,,Medicine_Balls
"Sports, Fitness, and Recreation",Exercise and Fitness,Mini Trampolines,,Mini_Trampolines
"Sports, Fitness, and Recreation",Exercise and Fitness,Pedal Exercisers,,Pedal_Exercisers
"Sports, Fitness, and Recreation",Exercise and Fitness,Pedometers,,Pedometers
"Sports, Fitness, and Recreation",Exercise and Fitness,Pilates Kits,,Pilates_Kits
"Sports, Fitness, and Recreation",Exercise and Fitness,Resistance Trainers,,Resistance_Trainers
"Sports, Fitness, and Recreation",Exercise and Fitness,Rowers,,Rowers
"Sports, Fitness, and Recreation",Exercise and Fitness,Stair Machines,,Stair_Machines
"Sports, Fitness, and Recreation",Exercise and Fitness,Stopwatches,,Stopwatches
"Sports, Fitness, and Recreation",Exercise and Fitness,Toning Belts,,Toning_Belts
"Sports, Fitness, and Recreation",Exercise and Fitness,Treadmills,,Treadmills
"Sports, Fitness, and Recreation",Exercise and Fitness,Vibration Trainers,,Vibration_Trainers
"Sports, Fitness, and Recreation",Exercise and Fitness,Weight Sets,,Weight_Sets
"Sports, Fitness, and Recreation",Exercise and Fitness,Weight Training Benches,,Weight_Training_Benches
"Sports, Fitness, and Recreation",Exercise and Fitness,Weighted Apparel,,Weighted_Apparel
"Sports, Fitness, and Recreation",Exercise and Fitness,Yoga Kits,,Yoga_Kits
"Sports, Fitness, and Recreation",Outdoor Recreation,Bicycle Accessories,Bicycle Baskets,Bicycle_Baskets
"Sports, Fitness, and Recreation",Outdoor Recreation,Bicycle Accessories,Bicycle Lights,Bicycle_Lights
"Sports, Fitness, and Recreation",Outdoor Recreation,Bicycle Accessories,Bicycle Locks,Bicycle_Locks
"Sports, Fitness, and Recreation",Outdoor Recreation,Bicycle Accessories,Bicycle Pedal Cleats,Bicycle_Pedal_Cleats
"Sports, Fitness, and Recreation",Outdoor Recreation,Bicycle Accessories,Bicycle Pedal Clips,Bicycle_Pedal_Clips
"Sports, Fitness, and Recreation",Outdoor Recreation,Bicycle Accessories,Bicycle Pedals,Bicycle_Pedals
"Sports, Fitness, and Recreation",Outdoor Recreation,Bicycle Accessories,Bicycle Seats,Bicycle_Seats
"Sports, Fitness, and Recreation",Outdoor Recreation,Bicycle Accessories,Bicycle Tires,Bicycle_Tires
"Sports, Fitness, and Recreation",Outdoor Recreation,Bicycle Accessories,Bicycle Vehicle Racks,Bicycle_Vehicle_Racks
"Sports, Fitness, and Recreation",Outdoor Recreation,Bicycle Accessories,Derailleurs,Derailleurs
"Sports, Fitness, and Recreation",Outdoor Recreation,Bicycles,Electric Bikes,Electric_Bikes
"Sports, Fitness, and Recreation",Outdoor Recreation,Bicycles,Freestyle and BMX Bikes,Freestyle_and_BMX_Bikes
"Sports, Fitness, and Recreation",Outdoor Recreation,Bicycles,Hybrid Bikes,Hybrid_Bikes
"Sports, Fitness, and Recreation",Outdoor Recreation,Bicycles,Mountain Bikes,Mountain_Bikes
"Sports, Fitness, and Recreation",Outdoor Recreation,Bicycles,Road Bikes,Road_Bikes
"Sports, Fitness, and Recreation",Outdoor Recreation,Bicycles,Tricycles,Tricycles
"Sports, Fitness, and Recreation",Outdoor Recreation,Boats,Canoes,Canoes
"Sports, Fitness, and Recreation",Outdoor Recreation,Boats,Inflatable Boats,Inflatable_Boats
"Sports, Fitness, and Recreation",Outdoor Recreation,Boats,Kayaks,Kayaks
"Sports, Fitness, and Recreation",Outdoor Recreation,Camping,Air Mattresses,Air_Mattresses
"Sports, Fitness, and Recreation",Outdoor Recreation,Camping,Air Pumps and Inflators,Air_Pumps_and_Inflators
"Sports, Fitness, and Recreation",Outdoor Recreation,Camping,Burners,Burners
"Sports, Fitness, and Recreation",Outdoor Recreation,Camping,Camp Stoves,Camp_Stoves
"Sports, Fitness, and Recreation",Outdoor Recreation,Camping,Cots,Cots
"Sports, Fitness, and Recreation",Outdoor Recreation,Camping,Fire Starting Tools and Kits,Fire_Starting_Tools_and_Kits
"Sports, Fitness, and Recreation",Outdoor Recreation,Camping,Portable Toilets,Portable_Toilets
"Sports, Fitness, and Recreation",Outdoor Recreation,Camping,Sleeping Bags,Sleeping_Bags
"Sports, Fitness, and Recreation",Outdoor Recreation,Camping,Sleeping Pads and Mats,Sleeping_Pads_and_Mats
"Sports, Fitness, and Recreation",Outdoor Recreation,Camping,Tents,Tents
"Sports, Fitness, and Recreation",Outdoor Recreation,Fishing Equipment,Fishing Baits and Lures,Fishing_Baits_and_Lures
"Sports, Fitness, and Recreation",Outdoor Recreation,Fishing Equipment,Fishing Floats,Fishing_Floats
"Sports, Fitness, and Recreation",Outdoor Recreation,Fishing Equipment,Fishing Hooks,Fishing_Hooks
"Sports, Fitness, and Recreation",Outdoor Recreation,Fishing Equipment,Fishing Line,Fishing_Line
"Sports, Fitness, and Recreation",Outdoor Recreation,Fishing Equipment,Fishing Reels,Fishing_Reels
"Sports, Fitness, and Recreation",Outdoor Recreation,Fishing Equipment,Fishing Rod and Reel Combinations,Fishing_Rod_and_Reel_Combinations
"Sports, Fitness, and Recreation",Outdoor Recreation,Fishing Equipment,Fishing Rods,Fishing_Rods
"Sports, Fitness, and Recreation",Outdoor Recreation,Fishing Equipment,Fishing Sinkers and Weights,Fishing_Sinkers_and_Weights
"Sports, Fitness, and Recreation",Outdoor Recreation,Golf Accessories,Golf Club Headcovers,Golf_Club_Headcovers
"Sports, Fitness, and Recreation",Outdoor Recreation,Golf Accessories,Golf Pull and Push Carts,Golf_Pull_and_Push_Carts
"Sports, Fitness, and Recreation",Outdoor Recreation,Golf Accessories,Golf Tees,Golf_Tees
"Sports, Fitness, and Recreation",Outdoor Recreation,Golf Accessories,Putting Greens and Mats,Putting_Greens_and_Mats
"Sports, Fitness, and Recreation",Outdoor Recreation,Hunting and Shooting,Archery Targets,Archery_Targets
"Sports, Fitness, and Recreation",Outdoor Recreation,Hunting and Shooting,Hunting and Shooting Targets,Hunting_and_Shooting_Targets
"Sports, Fitness, and Recreation",Outdoor Recreation,Hunting and Shooting,Hunting Blinds and Screens,Hunting_Blinds_and_Screens
"Sports, Fitness, and Recreation",Outdoor Recreation,Hunting and Shooting,Tree Stands,Tree_Stands
"Sports, Fitness, and Recreation",Outdoor Recreation,Hunting and Shooting,Wildlife Decoys,Wildlife_Decoys
"Sports, Fitness, and Recreation",Outdoor Recreation,Launch Monitors and Hitting Simulators,,Launch_Monitors_and_Hitting_Simulators
"Sports, Fitness, and Recreation",Outdoor Recreation,Lawn Games,Bocce Ball,Bocce_Ball
"Sports, Fitness, and Recreation",Outdoor Recreation,Lawn Games,Croquet,Croquet
"Sports, Fitness, and Recreation",Outdoor Recreation,Lawn Games,Disc Games,Disc_Games
"Sports, Fitness, and Recreation",Outdoor Recreation,Lawn Games,Flying Discs,Flying_Discs
"Sports, Fitness, and Recreation",Outdoor Recreation,Lawn Games,Horseshoes and Ring Toss,Horseshoes_and_Ring_Toss
"Sports, Fitness, and Recreation",Outdoor Recreation,Lawn Games,Ladderball Bolos,Ladderball_Bolos
"Sports, Fitness, and Recreation",Outdoor Recreation,Lawn Games,Ladderball Carry Cases,Ladderball_Carry_Cases
"Sports, Fitness, and Recreation",Outdoor Recreation,Lawn Games,Ladderball Sets,Ladderball_Sets
"Sports, Fitness, and Recreation",Outdoor Recreation,Lawn Games,Replacement Ladderball Frames,Replacement_Ladderball_Frames
"Sports, Fitness, and Recreation",Outdoor Recreation,Lawn Games,Shuttlecocks,Shuttlecocks
"Sports, Fitness, and Recreation",Outdoor Recreation,Lawn Games,Tetherball Ropes,Tetherball_Ropes
"Sports, Fitness, and Recreation",Outdoor Recreation,Lawn Games,Tetherball Sets,Tetherball_Sets
"Sports, Fitness, and Recreation",Outdoor Recreation,Life Jackets,,Life_Jackets
"Sports, Fitness, and Recreation",Outdoor Recreation,Roller Skates,,Roller_Skates
"Sports, Fitness, and Recreation",Outdoor Recreation,Skateboards and Scooters,Longboards,Longboards
"Sports, Fitness, and Recreation",Outdoor Recreation,Skateboards and Scooters,Scooters,Scooters
"Sports, Fitness, and Recreation",Outdoor Recreation,Skateboards and Scooters,Skateboards,Skateboards
"Sports, Fitness, and Recreation",Outdoor Recreation,"Sledding, Skiing, and Snowboarding",Ski Bindings,Ski_Bindings
"Sports, Fitness, and Recreation",Outdoor Recreation,"Sledding, Skiing, and Snowboarding",Ski Poles,Ski_Poles
"Sports, Fitness, and Recreation",Outdoor Recreation,"Sledding, Skiing, and Snowboarding",Skis,Skis
"Sports, Fitness, and Recreation",Outdoor Recreation,"Sledding, Skiing, and Snowboarding",Sleds,Sleds
"Sports, Fitness, and Recreation",Outdoor Recreation,"Sledding, Skiing, and Snowboarding",Snow Goggles,Snow_Goggles
"Sports, Fitness, and Recreation",Outdoor Recreation,"Sledding, Skiing, and Snowboarding",Snowboard Bindings,Snowboard_Bindings
"Sports, Fitness, and Recreation",Outdoor Recreation,"Sledding, Skiing, and Snowboarding",Snowboards,Snowboards
"Sports, Fitness, and Recreation",Outdoor Recreation,"Sledding, Skiing, and Snowboarding",Snowshoes,Snowshoes
"Sports, Fitness, and Recreation",Outdoor Recreation,Stadium Seats,,Stadium_Seats
Toys and Games,Activity Toys,Bath Toys,,Bath_Toys
Toys and Games,Activity Toys,Bubble Makers,,Bubble_Makers
Toys and Games,Art and Drawing Toys,Drawing and Doodle Board Toys,,Drawing_and_Doodle_Board_Toys
Toys and Games,Art and Drawing Toys,Watercoloring Tablets,,Water_Coloring_Tablets
Toys and Games,Building Toys,Blocks and Building Sets,,Blocks_and_Building_Sets
Toys and Games,Educational Toys,Children's Music and Storytelling Interactive Accessories,,Childrens_Music_and_Storytelling_Interactive_Accessories
Toys and Games,Educational Toys,Children's Music and Storytelling Players,,Childrens_Music_and_Storytelling_Players
Toys and Games,Educational Toys,Learning Kits and Toys,,Learning_Kits_and_Toys
Toys and Games,Educational Toys,Robotics Kits,,Robotics_Kits
Toys and Games,Indoor Games,Arcade Claw Machines,,Arcade_Claw_Machines
Toys and Games,Indoor Games,Basketball Arcade Games,,Basketball_Arcade_Games
Toys and Games,Indoor Games,Beer Pong,,Beer_Pong
Toys and Games,Indoor Games,Board Games,,Board_Games
Toys and Games,Indoor Games,Boards,,Boards
Toys and Games,Indoor Games,Card Games,,Card_Games
Toys and Games,Indoor Games,Card Playmats,,Card_Playmats
Toys and Games,Indoor Games,Dartboards,,Dartboards
Toys and Games,Indoor Games,Darts and Dart Sets,,Darts_and_Dart_Sets
Toys and Games,Indoor Games,Game Pieces,,Game_Pieces
Toys and Games,Indoor Games,Pinball Machines,,Pinball_Machines
Toys and Games,Indoor Games,Playing Cards,,Playing_Cards
Toys and Games,Indoor Games,Table Games and Accessories,Air Hockey Tables,Air_Hockey_Tables
Toys and Games,Indoor Games,Table Games and Accessories,Billiards Racks,Billiards_Racks
Toys and Games,Indoor Games,Table Games and Accessories,Billiards Table Covers,Billiards_Table_Covers
Toys and Games,Indoor Games,Table Games and Accessories,Bridge Heads,Bridge_Heads
Toys and Games,Indoor Games,Table Games and Accessories,Cue Cases,Cue_Cases
Toys and Games,Indoor Games,Table Games and Accessories,Cue Racks,Cue_Racks
Toys and Games,Indoor Games,Table Games and Accessories,Foosball Tables,Foosball_Tables
Toys and Games,Indoor Games,Table Games and Accessories,Multi-Game Tables,Multi_Game_Tables
Toys and Games,Indoor Games,Table Games and Accessories,Poker Chip Sets,Poker_Chip_Sets
Toys and Games,Indoor Games,Table Games and Accessories,Poker Tables,Poker_Tables
Toys and Games,Indoor Games,Table Games and Accessories,Pool Cues,Pool_Cues
Toys and Games,Indoor Games,Table Games and Accessories,Pool Tables,Pool_Tables
Toys and Games,Indoor Games,Table Games and Accessories,Roll and Score Games,Roll_and_Score_Games
Toys and Games,Indoor Games,Table Games and Accessories,Shuffleboard Tables,Shuffleboard_Tables
Toys and Games,Indoor Games,Table Games and Accessories,Table Tennis,Table_Tennis
Toys and Games,Indoor Games,Trading Card Albums,,Trading_Card_Albums
Toys and Games,Indoor Games,Trading Card Sleeves and Pages,,Trading_Card_Sleeves_and_Pages
Toys and Games,Indoor Games,Trading Card Storage Boxes and Cases,,Trading_Card_Storage_Boxes_and_Cases
Toys and Games,Indoor Games,Trading Cards,,Trading_Cards
Toys and Games,Outdoor Play Equipment,Ball Pit Balls,,Ball_Pit_Balls
Toys and Games,Outdoor Play Equipment,Ball Pits,,Ball_Pits
Toys and Games,Outdoor Play Equipment,Beanbag Toss,,Beanbag_Toss
Toys and Games,Outdoor Play Equipment,Kites,,Kites
Toys and Games,Outdoor Play Equipment,Outdoor Bouncers,,Outdoor_Bouncers
Toys and Games,Outdoor Play Equipment,Play Centers and Swing Set Accessories,,Play_Centers_and_Swing_Set_Accessories
Toys and Games,Outdoor Play Equipment,Play Centers and Swing Sets,,Play_Centers_and_Swing_Sets
Toys and Games,Outdoor Play Equipment,Play Houses,,Play_Houses
Toys and Games,Outdoor Play Equipment,Play Tents,,Play_Tents
Toys and Games,Outdoor Play Equipment,Sandboxes,,Sandboxes
Toys and Games,Outdoor Play Equipment,Slides,,Slides
Toys and Games,Outdoor Play Equipment,Spring Riders,,Spring_Riders
Toys and Games,Outdoor Play Equipment,Target Toss Games,,Target_Toss_Games
Toys and Games,Outdoor Play Equipment,Teeter Totters and See Saws,,Teeter_Totters_and_See_Saws
Toys and Games,Outdoor Play Equipment,Trampolines,,Trampolines
Toys and Games,Outdoor Play Equipment,Water Guns,,Water_Guns
Toys and Games,Outdoor Play Equipment,Water Play Equipment,Baby Floats,Baby_Floats
Toys and Games,Outdoor Play Equipment,Water Play Equipment,Diving Toys,Diving_Toys
Toys and Games,Outdoor Play Equipment,Water Play Equipment,Pool Floats,Pool_Floats
Toys and Games,Outdoor Play Equipment,Water Play Equipment,Pool Noodles,Pool_Noodles
Toys and Games,Outdoor Play Equipment,Water Play Equipment,Pool Toys,Pool_Toys
Toys and Games,Outdoor Play Equipment,Water Play Equipment,Pool Tubes,Pool_Tubes
Toys and Games,Outdoor Play Equipment,Water Play Equipment,Pool Volleyball Nets,Pool_Volleyball_Nets
Toys and Games,Outdoor Play Equipment,Water Play Equipment,Splash Pads and Water Slides,Splash_Pads_and_Water_Slides
Toys and Games,Outdoor Play Equipment,Water Play Equipment,Swimming Pool Cleaning Equipment,Swimming_Pool_Cleaning_Equipment
Toys and Games,Outdoor Play Equipment,Water Play Equipment,Swimming Pool Covers and Ground Cloths,Swimming_Pool_Covers_and_Ground_Cloths
Toys and Games,Outdoor Play Equipment,Water Play Equipment,Swimming Pool Filters,Swimming_Pool_Filters
Toys and Games,Outdoor Play Equipment,Water Play Equipment,Swimming Pool Furnishings,Swimming_Pool_Furnishings
Toys and Games,Outdoor Play Equipment,Water Play Equipment,Swimming Pool Heaters,Swimming_Pool_Heaters
Toys and Games,Outdoor Play Equipment,Water Play Equipment,Swimming Pool Pumps,Swimming_Pool_Pumps
Toys and Games,Outdoor Play Equipment,Water Play Equipment,Swimming Pools,Swimming_Pools
Toys and Games,Play Vehicles,Racing Track Sets,,Racing_Track_Sets
Toys and Games,Play Vehicles,Toy Vehicles,,Toy_Vehicles
Toys and Games,Play Vehicles,Train Sets,,Train_Sets
Toys and Games,Pretend Play,Cooking and Baking Toys,,Cooking_and_Baking_Toys
Toys and Games,Pretend Play,Fantasy and Pretend Play Sets,,Fantasy_and_Pretend_Play_Sets
Toys and Games,Pretend Play,Play Helmets and Masks,,Play_Helmets_and_Masks
Toys and Games,Pretend Play,Play Weapons,,Play_Weapons
Toys and Games,Pretend Play,Toy Furniture,,Toy_Furniture
Toys and Games,Pretend Play,Toy Instruments,,Toy_Instruments
Toys and Games,Pretend Play,Toy Sports,,Toy_Sports
Toys and Games,Puzzles,Electronic and Sound Puzzles,,Electronic_and_Sound_Puzzles
Toys and Games,Puzzles,General Puzzles,,General_Puzzles
Toys and Games,Puzzles,Puzzle Packs,,Puzzle_Packs
Toys and Games,Remote Control Toys,Remote Control Toy Parts,,Remote_Control_Toy_Parts
Toys and Games,Remote Control Toys,Remote Controlled Toys,,Remote_Controlled_Toys
Toys and Games,Remote Control Toys,Unmanned Aerial Vehicle Storage,,Unmanned_Aerial_Vehicle_Storage
Toys and Games,Remote Control Toys,Unmanned Aerial Vehicles,,Unmanned_Aerial_Vehicles
Toys and Games,Toys,"Dolls, Playsets, and Toy Figures",Action Figure Playsets and Vehicles,Action_Figure_Playsets_and_Vehicles
Toys and Games,Toys,"Dolls, Playsets, and Toy Figures",Action Figures,Action_Figures
Toys and Games,Toys,"Dolls, Playsets, and Toy Figures",Baby Dolls,Baby_Dolls
Toys and Games,Toys,"Dolls, Playsets, and Toy Figures",Doll Houses,Doll_Houses
Toys and Games,Toys,"Dolls, Playsets, and Toy Figures",Fashion Dolls,Fashion_Dolls
Toys and Games,Toys,"Dolls, Playsets, and Toy Figures",Miscellaneous Doll Accessories,Miscellaneous_Doll_Accessories
Toys and Games,Toys,"Dolls, Playsets, and Toy Figures",Plush Toys,Plush_Toys
Toys and Games,Toys,"Dolls, Playsets, and Toy Figures",Puppet theaters,Puppet_theaters
Toys and Games,Toys,"Dolls, Playsets, and Toy Figures",Puppets,Puppets
Toys and Games,Toys,"Dolls, Playsets, and Toy Figures",Toy Storage and Carrying Cases,Toy_Storage_and_Carrying_Cases
Toys and Games,Toys,Electronic Toy Pets,,Electronic_Toy_Pets
Toys and Games,Toys,Riding Toys,Battery Powered Ride-Ons,Battery_Powered_Ride_Ons
Toys and Games,Toys,Riding Toys,Pedal Push Ride-Ons,Pedal_Push_Ride_Ons
Toys and Games,Toys,Riding Toys,Rocking Horses,Rocking_Horses
Toys and Games,Toys,Riding Toys,Rocking Ride-Ons,Rocking_Ride_Ons
Toys and Games,Toys,Riding Toys,Wagons,Wagons
Vehicles and Parts,Vehicle Parts,Watercraft Parts,Boat and Watercraft Seats,Boat_and_Watercraft_Seats
Vehicles and Parts,Vehicle Parts,Watercraft Parts,Watercraft Engines and Motors,Watercraft_Engines_and_Motors
