"product_type","category"
"Vehicle Rotors","Vehicles, Parts & Accessories"
"Automotive Specialty Parts","Vehicles, Parts & Accessories"
"Automotive Floor Mats","Vehicles, Parts & Accessories"
"Automotive Window Shades","Vehicles, Parts & Accessories"
"Automotive Grilles","Vehicles, Parts & Accessories"
"Automotive Steps","Vehicles, Parts & Accessories"
"Automotive Push Bars","Vehicles, Parts & Accessories"
"Exterior Automotive Accessories","Vehicles, Parts & Accessories"
"Automotive Battery Chargers","Vehicles, Parts & Accessories"
"Motorized Dirt Bikes","Vehicles, Parts & Accessories"
"Automotive Replacement Belts","Vehicles, Parts & Accessories"
"Cigarette Lighter Adapters","Vehicles, Parts & Accessories"
"Motorcycle Accessories","Vehicles, Parts & Accessories"
"Vehicle Clutches","Vehicles, Parts & Accessories"
"RV Parts","Vehicles, Parts & Accessories"
"Brake System Replacement Parts & Hardware","Vehicles, Parts & Accessories"
"Truck Tonneau Covers","Vehicles, Parts & Accessories"
"Automotive Shock Absorbers","Vehicles, Parts & Accessories"
"RV Wheel Covers","Vehicles, Parts & Accessories"
"Automotive Hitch & Towing Parts & Sets","Vehicles, Parts & Accessories"
"Lug Nuts","Vehicles, Parts & Accessories"
"Automotive Pigtails & Sockets","Vehicles, Parts & Accessories"
"Automotive Electrical Parts & Accessories","Vehicles, Parts & Accessories"
"Automotive Fog Lights","Vehicles, Parts & Accessories"
"Automotive Hitch Ball Mounts","Vehicles, Parts & Accessories"
"Automotive Cleaners, Polishes & Waxes","Vehicles, Parts & Accessories"
"Vehicle Alternators","Vehicles, Parts & Accessories"
"Automotive Body Paint","Vehicles, Parts & Accessories"
"Spark Plug Wires","Vehicles, Parts & Accessories"
"RV Accessories","Vehicles, Parts & Accessories"
"RV Sewer System Accessories","Vehicles, Parts & Accessories"
"Vehicle Mufflers","Vehicles, Parts & Accessories"
"Jack Stands","Vehicles, Parts & Accessories"
"Automotive Tire Covers","Vehicles, Parts & Accessories"
"Automotive Decorative Interior Hardware & Accessories","Vehicles, Parts & Accessories"
"Automotive Rack Load Bars","Vehicles, Parts & Accessories"
"Suspension Control Arms","Vehicles, Parts & Accessories"
"Automotive Coil Springs","Vehicles, Parts & Accessories"
"Lug Bolts","Vehicles, Parts & Accessories"
"Tow Straps","Vehicles, Parts & Accessories"
"Oil Pan Gaskets","Vehicles, Parts & Accessories"
"Automotive Radiator Repair Parts & Hardware","Vehicles, Parts & Accessories"
"Tires","Vehicles, Parts & Accessories"
"Automotive Exterior Decorative Lights","Vehicles, Parts & Accessories"
"Towing Mirrors","Vehicles, Parts & Accessories"
"Rearview Mirrors","Vehicles, Parts & Accessories"
"Car Electronics Installation Kits","Vehicles, Parts & Accessories"
"Automotive Rims","Vehicles, Parts & Accessories"
"Automotive Distributor Caps","Vehicles, Parts & Accessories"
"Suspension Leveling Kits","Vehicles, Parts & Accessories"
"Headlights","Vehicles, Parts & Accessories"
"Tail Lights","Vehicles, Parts & Accessories"
"Automotive Light Lenses","Vehicles, Parts & Accessories"
"Automotive Fluid Change Pumps & Drains","Vehicles, Parts & Accessories"
"Automotive Diagnostic Tools","Vehicles, Parts & Accessories"
"Suspension Lift Kits","Vehicles, Parts & Accessories"
"Automotive Seat Covers","Vehicles, Parts & Accessories"
"Automotive Brush & Grille Guards","Vehicles, Parts & Accessories"
"Automotive Light Bulbs","Vehicles, Parts & Accessories"
"Vehicle Brake Pads","Vehicles, Parts & Accessories"
"Wheel Bearings","Vehicles, Parts & Accessories"
"Intake Manifold Gaskets","Vehicles, Parts & Accessories"
"Cylinder Head Gaskets","Vehicles, Parts & Accessories"
"Automotive Brakes","Vehicles, Parts & Accessories"
"Seat Belt Pads","Vehicles, Parts & Accessories"
"Brake Shoes, Pads & Drums","Vehicles, Parts & Accessories"
"Automotive Interior Lights","Vehicles, Parts & Accessories"
"Fuel Injection Accessories & Parts","Vehicles, Parts & Accessories"
"Wiring Connectors & Kits","Vehicles, Parts & Accessories"
"Automotive Valve Stems & Caps","Vehicles, Parts & Accessories"
"Mini Bikes","Vehicles, Parts & Accessories"
"Motor Oil","Vehicles, Parts & Accessories"
"Automotive Wiper Blades","Vehicles, Parts & Accessories"
"Automotive Air Fresheners","Vehicles, Parts & Accessories"
"Automotive Handles & Cranks","Vehicles, Parts & Accessories"
"Engine Air Filters","Vehicles, Parts & Accessories"
"Automotive Gaskets","Vehicles, Parts & Accessories"
"Automotive Touch-Up Paints","Vehicles, Parts & Accessories"
"Tire Pumps","Vehicles, Parts & Accessories"
"Tire Replacement Tools & Kits","Vehicles, Parts & Accessories"
"Automotive Creepers","Vehicles, Parts & Accessories"
"Antifreeze & Coolants","Vehicles, Parts & Accessories"
"RV Awnings","Vehicles, Parts & Accessories"
"Suspension Stabilizer Bars","Vehicles, Parts & Accessories"
"Suspension Bushings","Vehicles, Parts & Accessories"
"Automotive Clearance & Marker Lights","Vehicles, Parts & Accessories"
"Automotive Hood Shields & Bug Deflectors","Vehicles, Parts & Accessories"
"Fuel Filters","Vehicles, Parts & Accessories"
"Automotive Fenders & Fender Flares","Vehicles, Parts & Accessories"
"RV Water System Accessories","Vehicles, Parts & Accessories"
"Automotive Horns","Vehicles, Parts & Accessories"
"Automotive Control Module","Vehicles, Parts & Accessories"
"Ignition Coils","Vehicles, Parts & Accessories"
"Automotive Wheel Covers & Hub Caps","Vehicles, Parts & Accessories"
"ATV Tires","Vehicles, Parts & Accessories"
"Truck Bed Liners","Vehicles, Parts & Accessories"
"Emergency Roadside Kits","Vehicles, Parts & Accessories"
"Automotive Light Covers & Guards","Vehicles, Parts & Accessories"
"Automotive Skid Plates","Vehicles, Parts & Accessories"
"Towing Receiver Adapters & Hitch Extenders","Vehicles, Parts & Accessories"
"RV Exterior Accessories","Vehicles, Parts & Accessories"
"Automotive Bumpers","Vehicles, Parts & Accessories"
"Automotive Light Bars","Vehicles, Parts & Accessories"
"Throttle Body Spacers","Vehicles, Parts & Accessories"
"Exhaust Gaskets","Vehicles, Parts & Accessories"
"Automotive Struts","Vehicles, Parts & Accessories"
"Automotive Air Conditioning Parts","Vehicles, Parts & Accessories"
"Emergency Fuel Containers","Vehicles, Parts & Accessories"
"Automotive Grille Inserts","Vehicles, Parts & Accessories"
"Tachometers","Vehicles, Parts & Accessories"
"Automotive Steering Wheel Covers","Vehicles, Parts & Accessories"
"Automotive Seats","Vehicles, Parts & Accessories"
"Intake Manifolds","Vehicles, Parts & Accessories"
"Automotive Drain Pans","Vehicles, Parts & Accessories"
"Automotive Backup Alarms & Sensors","Vehicles, Parts & Accessories"
"Automotive Specialty Tools","Vehicles, Parts & Accessories"
"RV Covers","Vehicles, Parts & Accessories"
"ATV Parts","Vehicles, Parts & Accessories"
"Motorcycle Glasses","Vehicles, Parts & Accessories"
"Towing Locks","Vehicles, Parts & Accessories"
"Automotive Remote Starters","Vehicles, Parts & Accessories"
"Automotive Flex Tubes & Wire Sleeves","Vehicles, Parts & Accessories"
"Motorcycle Jackets","Vehicles, Parts & Accessories"
"Vehicle Ramps","Vehicles, Parts & Accessories"
"Motorcycle Jacks","Vehicles, Parts & Accessories"
"Motorcycles","Vehicles, Parts & Accessories"
"Vehicle Covers","Vehicles, Parts & Accessories"
"Automotive Additives","Vehicles, Parts & Accessories"
"Automotive Hitch Clips & Pins","Vehicles, Parts & Accessories"
"Automotive Keys & Remotes","Vehicles, Parts & Accessories"
"Spark Plugs","Vehicles, Parts & Accessories"
"License Plate Frames","Vehicles, Parts & Accessories"
"Towing Trailer Couplers","Vehicles, Parts & Accessories"
"Automotive Topcoating","Vehicles, Parts & Accessories"
"Automotive Dipsticks","Vehicles, Parts & Accessories"
"Vehicle Cup Holders","Vehicles, Parts & Accessories"
"Disc Brake Calipers","Vehicles, Parts & Accessories"
"Automotive Steering Wheel Mounting Hardware & Kits","Vehicles, Parts & Accessories"
"Automotive Cargo Nets","Vehicles, Parts & Accessories"
"Vehicle Switches","Vehicles, Parts & Accessories"
"Automotive Drain Plugs","Vehicles, Parts & Accessories"
"Automotive Dent Pullers","Vehicles, Parts & Accessories"
"Automotive Filter Wrenches","Vehicles, Parts & Accessories"
"Automotive Seat Cushions","Vehicles, Parts & Accessories"
"Alternator & Battery Testers","Vehicles, Parts & Accessories"
"Motorcycle Parts","Vehicles, Parts & Accessories"
"Speedometers","Vehicles, Parts & Accessories"
"Automotive Starters","Vehicles, Parts & Accessories"
"Automotive Headlight Restorer","Vehicles, Parts & Accessories"
"Vehicle Body Repair Kits","Vehicles, Parts & Accessories"
"Truck Bed Coating","Vehicles, Parts & Accessories"
"Truck Bed Extenders","Vehicles, Parts & Accessories"
"Automotive Racks","Vehicles, Parts & Accessories"
"Windshield Visors","Vehicles, Parts & Accessories"
"Automotive Dash Panels","Vehicles, Parts & Accessories"
"Automotive Custom Hoods","Vehicles, Parts & Accessories"
"Coilover Spring and Shock Assemblies","Vehicles, Parts & Accessories"
"Gear Oil","Vehicles, Parts & Accessories"
"Off-Road Helmets","Vehicles, Parts & Accessories"
"Automotive Winch Mounting Systems","Vehicles, Parts & Accessories"
"Automotive Batteries","Vehicles, Parts & Accessories"
"Automotive Cargo Boxes","Vehicles, Parts & Accessories"
"Automotive Backup Camera Systems","Vehicles, Parts & Accessories"
"Go-Karts","Vehicles, Parts & Accessories"
"Farm Tires","Vehicles, Parts & Accessories"
"Motor Oil Filters","Vehicles, Parts & Accessories"
"Automotive Engine Paint","Vehicles, Parts & Accessories"
"Automotive Reflectors","Vehicles, Parts & Accessories"
"Throttle Bodies","Vehicles, Parts & Accessories"
"Piston Connecting Rods","Vehicles, Parts & Accessories"
"Vehicle Lifts","Vehicles, Parts & Accessories"
"Side View Mirrors","Vehicles, Parts & Accessories"
"Automotive Hitch Balls","Vehicles, Parts & Accessories"
"Automotive Fuse Blocks","Vehicles, Parts & Accessories"
"RV Ladders","Vehicles, Parts & Accessories"
"Automotive Organizers","Vehicles, Parts & Accessories"
"Motorcycle Lights","Vehicles, Parts & Accessories"
"Automotive Dashboard Trim Kits","Vehicles, Parts & Accessories"
"ATV Accessories","Vehicles, Parts & Accessories"
"RV Stabilizers","Vehicles, Parts & Accessories"
"Automotive Adhesives","Vehicles, Parts & Accessories"
"Towing Tail Light Converters","Vehicles, Parts & Accessories"
"Automotive Paint Pens","Vehicles, Parts & Accessories"
"UTV Accessories","Vehicles, Parts & Accessories"
"Automotive Locking Devices","Vehicles, Parts & Accessories"
"Automotive Installable Roofs","Vehicles, Parts & Accessories"
"Battery Acid Fillers","Vehicles, Parts & Accessories"
"Automotive Part Pullers & Installers","Vehicles, Parts & Accessories"
"Automotive Bumper Covers & Guards","Vehicles, Parts & Accessories"
"Automotive Snow Chains","Vehicles, Parts & Accessories"
"Automotive Heating Parts","Vehicles, Parts & Accessories"
"Automotive Interior Thermometers","Vehicles, Parts & Accessories"
"Automotive Exterior Trim","Vehicles, Parts & Accessories"
"Automotive Winch Replacement Parts & Hardware","Vehicles, Parts & Accessories"
"Automotive Bug & Tar Remover","Vehicles, Parts & Accessories"
"Emergency Road Flares","Vehicles, Parts & Accessories"
"Automotive Steering Wheels","Vehicles, Parts & Accessories"
"Automotive Refrigerant","Vehicles, Parts & Accessories"
"Automotive Wiper Motors","Vehicles, Parts & Accessories"
"Fuel Tank & Line Repairs","Vehicles, Parts & Accessories"
"Valve Cover Gaskets","Vehicles, Parts & Accessories"
"RV Steps","Vehicles, Parts & Accessories"
"Automatic Transmission Fluids","Vehicles, Parts & Accessories"
"Automotive Safety Parts & Accessories","Vehicles, Parts & Accessories"
"Automotive Spoilers & Wings","Vehicles, Parts & Accessories"
"Automotive Decals & Stickers","Vehicles, Parts & Accessories"
"Automotive Battery Clamps","Vehicles, Parts & Accessories"
"Automotive Window Regulators","Vehicles, Parts & Accessories"
"Automotive Carpet & Flooring","Vehicles, Parts & Accessories"
"Automotive Shifter Boots & Kits","Vehicles, Parts & Accessories"
"Automotive Winch Covers","Vehicles, Parts & Accessories"
"Tire Pressure Gauges","Vehicles, Parts & Accessories"
"Automotive Alarms","Vehicles, Parts & Accessories"
"Windshield Scrapers","Vehicles, Parts & Accessories"
"Windshield Washer Fluid","Vehicles, Parts & Accessories"
"Automotive Heating & Air Conditioning Repair Tools & Kits","Vehicles, Parts & Accessories"
"Suspension Lowering Kits","Vehicles, Parts & Accessories"
"Automotive Mud Flaps & Splash Guards","Vehicles, Parts & Accessories"
"Seat Belts","Vehicles, Parts & Accessories"
"Automotive Body Filler & Patches","Vehicles, Parts & Accessories"
"Automotive Clothes Bars & Rods","Vehicles, Parts & Accessories"
"Automotive Fog Light Accessories & Mounting Hardware","Vehicles, Parts & Accessories"
"Vehicle Batteries","Vehicles, Parts & Accessories"
"Battery Mounting & Installation Parts & Hardware","Vehicles, Parts & Accessories"
"Automotive Jump Starters","Vehicles, Parts & Accessories"
"Automotive Cigarette Lighters & Plugs","Vehicles, Parts & Accessories"
"Automotive Lift Supports","Vehicles, Parts & Accessories"
"Power Steering Fluid","Vehicles, Parts & Accessories"
"Brake Launch Controls","Vehicles, Parts & Accessories"
"Automotive License Plates","Vehicles, Parts & Accessories"
"Automotive Hood Scoops","Vehicles, Parts & Accessories"
"Automotive Clock, Thermometer & Compass Combination Sets","Vehicles, Parts & Accessories"
"Automotive Fluid Change Kits","Vehicles, Parts & Accessories"
"Motorcycle Gloves","Vehicles, Parts & Accessories"
"Motorcycle Helmets","Vehicles, Parts & Accessories"
"Automotive Fuel Tank Caps","Vehicles, Parts & Accessories"
"Motorcycle Covers","Vehicles, Parts & Accessories"
"Automatic Transmission Filters","Vehicles, Parts & Accessories"
"Automotive Hitch Steps","Vehicles, Parts & Accessories"
"RV Leveling Blocks","Vehicles, Parts & Accessories"
"Spotlights","Vehicles, Parts & Accessories"
"Throttle Body Gaskets","Vehicles, Parts & Accessories"
"Automotive Hones & Brushes","Vehicles, Parts & Accessories"
"Motorcycle Tubes","Vehicles, Parts & Accessories"
"Automotive Line Disconnect Tools","Vehicles, Parts & Accessories"
"Pistons","Vehicles, Parts & Accessories"
"Tire Pressure Monitoring System (TPMS) Sensors","Vehicles, Parts & Accessories"
"Engine Degreasers","Vehicles, Parts & Accessories"
"Windshield Wiper Tubes & Hoses","Vehicles, Parts & Accessories"
"Trailer Weight Distributing Systems","Vehicles, Parts & Accessories"
"ATV Wheels","Vehicles, Parts & Accessories"
"Automotive Consoles","Vehicles, Parts & Accessories"
"Automotive Seat Heaters","Vehicles, Parts & Accessories"
"ATV Ramps","Vehicles, Parts & Accessories"
"Piston Rings","Vehicles, Parts & Accessories"
"Automotive Oxygen Sensors","Vehicles, Parts & Accessories"
"Automotive Door Panels","Vehicles, Parts & Accessories"
"Automotive Panels & Trim","Vehicles, Parts & Accessories"
"Automotive Door Guards","Vehicles, Parts & Accessories"
"Automotive Shifter Knobs & Handles","Vehicles, Parts & Accessories"
"Automotive Bumper End Caps","Vehicles, Parts & Accessories"
"Brake Cleaners","Vehicles, Parts & Accessories"
"Motorcycle Boots","Vehicles, Parts & Accessories"
"Automotive Spray Guns","Vehicles, Parts & Accessories"
"Tire Sealer & Foam","Vehicles, Parts & Accessories"
"Heated Car Blankets","Vehicles, Parts & Accessories"
"Cabin Air Filters","Vehicles, Parts & Accessories"
"Window Tints","Vehicles, Parts & Accessories"
"Motorcycle Stands","Vehicles, Parts & Accessories"
"Brake Fluids","Vehicles, Parts & Accessories"
"Automotive Disc Brake Simulators","Vehicles, Parts & Accessories"
"Automotive Undercoating","Vehicles, Parts & Accessories"
"Automotive Hitch Drawbars","Vehicles, Parts & Accessories"
"Automotive Door Sill Plates","Vehicles, Parts & Accessories"
"Paint Reducers & Retarders","Vehicles, Parts & Accessories"
"Anti-Theft Devices","Vehicles, Parts & Accessories"
"Catalytic Converters","Vehicles, Parts & Accessories"
"ATV Hitches","Vehicles, Parts & Accessories"
"Engine Water Pumps","Vehicles, Parts & Accessories"
"Brake Booster Filters","Vehicles, Parts & Accessories"
"Automotive Winch Fairleads","Vehicles, Parts & Accessories"
"Utility Terrain Vehicles","Vehicles, Parts & Accessories"
"Automotive Wheel Bearing Protectors","Vehicles, Parts & Accessories"
"Diesel Exhaust Fluid","Vehicles, Parts & Accessories"
"Automotive Sun Visors","Vehicles, Parts & Accessories"
"Motorcycle Tires","Vehicles, Parts & Accessories"
"Liquid Fuels","Vehicles, Parts & Accessories"
"Automotive Hitch Covers","Vehicles, Parts & Accessories"
"Automotive Trailers","Vehicles, Parts & Accessories"
"ATV Cargo Storage","Vehicles, Parts & Accessories"
"Pedals","Vehicles, Parts & Accessories"
"Tire Patching & Plugging Tools","Vehicles, Parts & Accessories"
"Automotive Winch Remote Controls","Vehicles, Parts & Accessories"
"Automotive Mirror Overlays","Vehicles, Parts & Accessories"
"Electric Parts Cleaners","Vehicles, Parts & Accessories"
"Under-Car Lighting","Vehicles, Parts & Accessories"
"Starting Fluid","Vehicles, Parts & Accessories"
"Automotive Wiper Arms","Vehicles, Parts & Accessories"
"Automotive Dashboard Covers","Vehicles, Parts & Accessories"
"Power Steering Pumps","Vehicles, Parts & Accessories"
"ATV Covers","Vehicles, Parts & Accessories"
"Fuel Injectors","Vehicles, Parts & Accessories"
"Sunglass Visor Clips","Vehicles, Parts & Accessories"
"Automotive Glass Repair Tools","Vehicles, Parts & Accessories"
"Tire Steps","Vehicles, Parts & Accessories"
"Automotive Litter Bags & Baskets","Vehicles, Parts & Accessories"
"Automotive Headliners","Vehicles, Parts & Accessories"
"Rearview Mirror Repair Kits","Vehicles, Parts & Accessories"
"Automotive Filter Installation & Mounting Accessories","Vehicles, Parts & Accessories"
"Vehicle Escape Tools","Vehicles, Parts & Accessories"
"Motorcycle Horns","Vehicles, Parts & Accessories"
"Automotive Diffusers & Splitters","Vehicles, Parts & Accessories"
"Air Conditioning Compressors","Vehicles, Parts & Accessories"
"Vehicle Windshields","Vehicles, Parts & Accessories"
"Fuel Distributors","Vehicles, Parts & Accessories"
"Odometers","Vehicles, Parts & Accessories"
"Automotive Aerodynamics Kits","Vehicles, Parts & Accessories"
"Automotive Refrigeration & Warming Units","Vehicles, Parts & Accessories"
"Automotive Wiper Cowls","Vehicles, Parts & Accessories"
"Automotive Glass Repair Compounds","Vehicles, Parts & Accessories"
"Automotive Glow Plugs","Vehicles, Parts & Accessories"
"Automotive Headliner Retainers","Vehicles, Parts & Accessories"
"Motorcycle Bags","Vehicles, Parts & Accessories"
"Automotive Key Holders","Vehicles, Parts & Accessories"
"Coating Thickness Gauges","Vehicles, Parts & Accessories"
"Automotive Lockout Tools","Vehicles, Parts & Accessories"
"Brake Pad Spreaders","Vehicles, Parts & Accessories"
"Pedal Covers","Vehicles, Parts & Accessories"
"Automotive Ashtrays","Vehicles, Parts & Accessories"
"Luggage & Luggage Sets","Travel, Luggage & Accessories"
"Duffel Bags","Travel, Luggage & Accessories"
"Packing Organizers, Cubes & Folders","Travel, Luggage & Accessories"
"Briefcases","Travel, Luggage & Accessories"
"Messenger & Shoulder Bags","Travel, Luggage & Accessories"
"Luggage Tags","Travel, Luggage & Accessories"
"Backpacks","Travel, Luggage & Accessories"
"Travel Pillows","Travel, Luggage & Accessories"
"Garment Bags","Travel, Luggage & Accessories"
"Luggage Scales","Travel, Luggage & Accessories"
"Money Belts","Travel, Luggage & Accessories"
"Luggage Racks","Travel, Luggage & Accessories"
"Passport Holders","Travel, Luggage & Accessories"
"Refillable Travel Bottles","Travel, Luggage & Accessories"
"Luggage Carts","Travel, Luggage & Accessories"
"Reusable Eco Bags","Travel, Luggage & Accessories"
"Other Travel Accessories","Travel, Luggage & Accessories"
"Luggage Locks","Travel, Luggage & Accessories"
"Luggage Straps","Travel, Luggage & Accessories"
"Board Games","Toys & Games"
"Play Vehicles","Toys & Games"
"Tile Games","Toys & Games"
"Dice","Toys & Games"
"Dice Games","Toys & Games"
"Game Replacement Parts","Toys & Games"
"Card Games","Toys & Games"
"Action Figures","Toys & Games"
"Poker Sets","Toys & Games"
"Model Building Kits","Toys & Games"
"Playground Balls","Toys & Games"
"Toy Replacement Parts & Accessories","Toys & Games"
"Stuffed Animals & Plush Toys","Toys & Games"
"Assembly & Disassembly Puzzles","Toys & Games"
"Toy Sports Equipment","Toys & Games"
"Playground Climbers","Toys & Games"
"Electronic Pets","Toys & Games"
"Radio Control Tanks","Toys & Games"
"Dolls","Toys & Games"
"Doll Playsets","Toys & Games"
"Action Figure Sets","Toys & Games"
"Flying Discs","Toys & Games"
"Toy Musical Instruments","Toys & Games"
"Doll Furniture","Toys & Games"
"Novelty & Gag Toys","Toys & Games"
"Model Train Sets","Toys & Games"
"Science Sets","Toys & Games"
"Alphabet Toys","Toys & Games"
"Radio Control Boats & Watercraft","Toys & Games"
"Swing Sets","Toys & Games"
"Push & Pedal Ride-Ons","Toys & Games"
"Pinwheels & Wind Spinners","Toys & Games"
"Dollhouses","Toys & Games"
"Construction Set Toys","Toys & Games"
"Sand & Water Tables","Toys & Games"
"Interlocking Block Building Sets","Toys & Games"
"Hourglass Timers","Toys & Games"
"Other Learning & Educational Toys","Toys & Games"
"Puzzle Play Mats","Toys & Games"
"Outdoor Playsets","Toys & Games"
"Trading Card Games","Toys & Games"
"Standard Playing Card Decks","Toys & Games"
"Vehicle Playsets","Toys & Games"
"Other Pretend Play Toys","Toys & Games"
"Jigsaw Puzzles","Toys & Games"
"Trampolines","Toys & Games"
"Radio Control Cars","Toys & Games"
"Action Figure Accessories","Toys & Games"
"Play Kitchen Appliances","Toys & Games"
"Bubble Blowing Toys","Toys & Games"
"Swing Set Accessories","Toys & Games"
"Other Games","Toys & Games"
"Magnetic Toys","Toys & Games"
"Powered Ride-Ons","Toys & Games"
"Doll Accessories","Toys & Games"
"Lawn Games","Toys & Games"
"Play Food","Toys & Games"
"Magic Tricks","Toys & Games"
"Mathematics & Counting Toys","Toys & Games"
"Beanbags","Toys & Games"
"Play Tea Sets & Dishes","Toys & Games"
"Toy Balls","Toys & Games"
"Play Furniture Sets","Toys & Games"
"Poker Chips","Toys & Games"
"Electronic Learning Systems","Toys & Games"
"Play Construction Toys & Tools","Toys & Games"
"Playhouses","Toys & Games"
"Hula Hoops","Toys & Games"
"Tricycles","Toys & Games"
"Radio Control Helicopters","Toys & Games"
"Play Cash Registers","Toys & Games"
"Rocking & Spring Ride-Ons","Toys & Games"
"Toy Doodle Tablets","Toys & Games"
"Bocce Sets","Toys & Games"
"Balance Bikes","Toys & Games"
"Boomerangs","Toys & Games"
"Game Add-On","Toys & Games"
"Coiled Spring Toys","Toys & Games"
"Toy Phones","Toys & Games"
"Blasters & Foam Play","Toys & Games"
"Robot Toys","Toys & Games"
"Play Kitchens","Toys & Games"
"Model Train Scenery","Toys & Games"
"Foosball Tables","Toys & Games"
"Sandboxes","Toys & Games"
"Slime","Toys & Games"
"Model Train Track","Toys & Games"
"Puzzle Cubes","Toys & Games"
"Marble Runs","Toys & Games"
"Puzzle Sorting Trays","Toys & Games"
"Toy Blocks","Toys & Games"
"Marbles","Toys & Games"
"Play Tents","Toys & Games"
"Play Gardening Tools","Toys & Games"
"Dollhouse Accessories","Toys & Games"
"Wind-Up Toys","Toys & Games"
"Puppets","Toys & Games"
"Vinyl Figures","Toys & Games"
"Play Money","Toys & Games"
"Beanbag Toss Game Sets","Toys & Games"
"Doll Clothing","Toys & Games"
"Target Toss Games","Toys & Games"
"Seesaws","Toys & Games"
"Play Housekeeping Toys","Toys & Games"
"Bingo Sets","Toys & Games"
"Sand Toys","Toys & Games"
"Model Train Locomotives","Toys & Games"
"Water Balloons","Toys & Games"
"Air Hockey Sets","Toys & Games"
"Slot Car Sets","Toys & Games"
"Water Guns","Toys & Games"
"Stacking Games","Toys & Games"
"Playground Slides","Toys & Games"
"Slot Car Track","Toys & Games"
"Fidget Spinners","Toys & Games"
"Walking Stilts","Toys & Games"
"Play Medical Toys","Toys & Games"
"3D Puzzles","Toys & Games"
"Tetherball Equipment","Toys & Games"
"Puzzle Mats","Toys & Games"
"Dreidels","Toys & Games"
"Doll Strollers","Toys & Games"
"Pogo Sticks","Toys & Games"
"Battling Tops","Toys & Games"
"Play Shopping Carts","Toys & Games"
"Ball Pits","Toys & Games"
"Radio Control Airplanes","Toys & Games"
"Bath Toy Storage","Toys & Games"
"Floor Games","Toys & Games"
"Chess Boards & Chess Game Sets","Toys & Games"
"Horseshoe Games","Toys & Games"
"Abacuses","Toys & Games"
"Playground Balance Beams","Toys & Games"
"Toy Mazes","Toys & Games"
"Ball Pit Balls","Toys & Games"
"Play Cooking & Baking Toys","Toys & Games"
"Push & Pull Toys","Toys & Games"
"Living Animal Kits","Toys & Games"
"Kaleidoscopes","Toys & Games"
"Croquet Sets","Toys & Games"
"Radio Control Vehicle Battery Chargers","Toys & Games"
"Ladder Ball Sets","Toys & Games"
"Stacking & Nesting Toys","Toys & Games"
"Electronic Basketball","Toys & Games"
"Juggling Toys","Toys & Games"
"Pickle Ball Equipment","Toys & Games"
"Inflatable Bouncers","Toys & Games"
"Bath Toys","Toys & Games"
"Wagons","Toys & Games"
"Bobbleheads","Toys & Games"
"Play Parachutes","Toys & Games"
"Model Train Rolling Stock","Toys & Games"
"Crawl Tubes","Toys & Games"
"Stick Horses","Toys & Games"
"Dollhouse Furniture","Toys & Games"
"Slot Cars","Toys & Games"
"Arcade Video Game Machines","Toys & Games"
"Foosball Balls","Toys & Games"
"Kites","Toys & Games"
"Bug Collecting Kits","Toys & Games"
"Solar System Toys","Toys & Games"
"Water Bead Ammunition","Toys & Games"
"Puzzle Glue","Toys & Games"
"Handheld Video Games","Toys & Games"
"Toy Billiards","Toys & Games"
"Puzzle Replacement Parts & Accessories","Toys & Games"
"Lawn Water Slides","Toys & Games"
"Water Bead Blasters","Toys & Games"
"Yo-Yos","Toys & Games"
"Spinning Tops","Toys & Games"
"Shape Sorting Toys","Toys & Games"
"Card Shufflers","Toys & Games"
"Toy Cameras","Toys & Games"
"Slot Car Replacement Parts","Toys & Games"
"Combination Table Games","Toys & Games"
"Splash Pads","Toys & Games"
"Space Hoppers","Toys & Games"
"Toy Viewfinders","Toys & Games"
"Roulette Wheels","Toys & Games"
"Puppet Theaters","Toys & Games"
"Abrasive Wheels & Discs","Tools & Hardware"
"Pipe & Plumbing Tubing","Tools & Hardware"
"Bathtubs","Tools & Hardware"
"Showerheads & Handheld Showers","Tools & Hardware"
"Ducting","Tools & Hardware"
"Cabinet & Furniture Pulls","Tools & Hardware"
"Hardware Hooks","Tools & Hardware"
"Spray Guns","Tools & Hardware"
"Air Compressors","Tools & Hardware"
"Staircase & Floor Step Treads","Tools & Hardware"
"Electrical Switches","Tools & Hardware"
"Other Hardware","Tools & Hardware"
"Hardware Pins","Tools & Hardware"
"Eyes","Tools & Hardware"
"Water Transfer Pumps","Tools & Hardware"
"Toilet Bowls","Tools & Hardware"
"Pipe Fittings & Couplers","Tools & Hardware"
"Marine Paints","Tools & Hardware"
"Machine & Tool Lubricants","Tools & Hardware"
"Wire Connectors","Tools & Hardware"
"Electrical Wire","Tools & Hardware"
"Drill Bits & Sets","Tools & Hardware"
"Hardware Screws","Tools & Hardware"
"Drill Bit Extensions","Tools & Hardware"
"Threading Taps","Tools & Hardware"
"Threading Dies","Tools & Hardware"
"Hardware Knobs","Tools & Hardware"
"Caulk","Tools & Hardware"
"Household Paints & Stains","Tools & Hardware"
"Putty Knives","Tools & Hardware"
"Wood Finish","Tools & Hardware"
"Paint Roller Covers","Tools & Hardware"
"Hex Tools","Tools & Hardware"
"Power Tool Blades","Tools & Hardware"
"Chisels","Tools & Hardware"
"Collated Nails","Tools & Hardware"
"Handsaw Blades","Tools & Hardware"
"Cable Ties","Tools & Hardware"
"Electrical Conduit Fittings","Tools & Hardware"
"Electrical Fuses","Tools & Hardware"
"Clamps","Tools & Hardware"
"Electrical Boxes","Tools & Hardware"
"Hand Tool Crimpers & Strippers","Tools & Hardware"
"Plumbing O-Rings & Seals","Tools & Hardware"
"Construction Flashing","Tools & Hardware"
"Pipe Fitting Reducers","Tools & Hardware"
"Heating & Cooling Registers, Grilles & Vents","Tools & Hardware"
"Valves","Tools & Hardware"
"Drainage Grates","Tools & Hardware"
"Pipe Stands & Supports","Tools & Hardware"
"Gas Line Connectors","Tools & Hardware"
"Plumbing Pumps","Tools & Hardware"
"Hardware Brackets","Tools & Hardware"
"Door Handle Sets","Tools & Hardware"
"Household Vents & Ventilation","Tools & Hardware"
"Nut & Bolt Sets","Tools & Hardware"
"Hardware Chains","Tools & Hardware"
"Surface Protection Film","Tools & Hardware"
"Tarps","Tools & Hardware"
"Hardware Hinges","Tools & Hardware"
"Chain Hoists","Tools & Hardware"
"Fences","Tools & Hardware"
"Dollies","Tools & Hardware"
"Faucets","Tools & Hardware"
"Carpet","Tools & Hardware"
"Other Kitchen & Bath Fixtures Supplies","Tools & Hardware"
"Plumbing Pipes","Tools & Hardware"
"Sink Side Sprays","Tools & Hardware"
"Water Diverter Trim","Tools & Hardware"
"Measuring & Layout Chalk Line Tools","Tools & Hardware"
"Industrial Sealants","Tools & Hardware"
"Hammers","Tools & Hardware"
"Weather Stripping","Tools & Hardware"
"Bungee Cords","Tools & Hardware"
"Lifting Jacks","Tools & Hardware"
"Hardware Latches & Catches","Tools & Hardware"
"Hoist & Winch Accessories","Tools & Hardware"
"Interconnect Terminals","Tools & Hardware"
"Drill Drivers","Tools & Hardware"
"Pliers","Tools & Hardware"
"Skylights","Tools & Hardware"
"Ladder Accessories","Tools & Hardware"
"Ratchets","Tools & Hardware"
"Screwdrivers","Tools & Hardware"
"Paint Primers","Tools & Hardware"
"Sinks","Tools & Hardware"
"Tie-Down Ratcheting","Tools & Hardware"
"Power Tool Polishers","Tools & Hardware"
"Hand Tool Cutters","Tools & Hardware"
"Measurement Lasers","Tools & Hardware"
"Snatch Rigging Blocks","Tools & Hardware"
"Other Hand Tools","Tools & Hardware"
"Pipe Benders","Tools & Hardware"
"Roof Gutter Accessories","Tools & Hardware"
"Load Binders","Tools & Hardware"
"Vises","Tools & Hardware"
"Power Screwdrivers","Tools & Hardware"
"Replacement Heating Elements & Igniters","Tools & Hardware"
"Deck & Fence Gates","Tools & Hardware"
"Tile","Tools & Hardware"
"Tool Boxes & Organizers","Tools & Hardware"
"Table Tops","Tools & Hardware"
"Hardware Locks","Tools & Hardware"
"Sink Mats","Tools & Hardware"
"Lathe Tools","Tools & Hardware"
"Sanding Blocks","Tools & Hardware"
"Hardware Adhesives","Tools & Hardware"
"Abrasive Sanding Belts","Tools & Hardware"
"Power Tool Chargers","Tools & Hardware"
"Staple Gun Staples","Tools & Hardware"
"Sandpaper","Tools & Hardware"
"Sharpening Stones","Tools & Hardware"
"Socket Wrenches & Sets","Tools & Hardware"
"Tool Bags","Tools & Hardware"
"Wrenches","Tools & Hardware"
"Circuit Breakers","Tools & Hardware"
"Extension Cords","Tools & Hardware"
"Toilet Tank Levers","Tools & Hardware"
"Air Tool Fittings","Tools & Hardware"
"Shower Valve Trim","Tools & Hardware"
"Staircase & Railing Balusters & Newels","Tools & Hardware"
"Hardware Anchors","Tools & Hardware"
"Key Blanks","Tools & Hardware"
"Doorknobs","Tools & Hardware"
"Hardware Snaps","Tools & Hardware"
"Other Roofing Supplies","Tools & Hardware"
"Other Power & Hand Tool Accessories","Tools & Hardware"
"Furniture Legs","Tools & Hardware"
"Hardware Washers","Tools & Hardware"
"Toilet Tanks","Tools & Hardware"
"Electrical Plugs","Tools & Hardware"
"Pressure Regulators","Tools & Hardware"
"Ropes","Tools & Hardware"
"Epoxy Adhesives","Tools & Hardware"
"Impact Wrenches","Tools & Hardware"
"Hardware Springs","Tools & Hardware"
"Power Tool Batteries","Tools & Hardware"
"Hardware Threaded Inserts","Tools & Hardware"
"Hardware Spacers & Standoffs","Tools & Hardware"
"Hardware Retaining Rings","Tools & Hardware"
"Paint Chips","Tools & Hardware"
"Platform Trucks & Carts","Tools & Hardware"
"Garage Door Opener Systems & Supplies","Tools & Hardware"
"Decking & Fencing Railings & Pickets","Tools & Hardware"
"Pipe Inspection Cameras","Tools & Hardware"
"Staircase & Railing Handrails","Tools & Hardware"
"Electric Motors","Tools & Hardware"
"Hammer Drills","Tools & Hardware"
"Power Grinders","Tools & Hardware"
"Security Bars","Tools & Hardware"
"Shower Bases","Tools & Hardware"
"Wallpaper","Tools & Hardware"
"Doors","Tools & Hardware"
"Bathroom Vanity Tops","Tools & Hardware"
"House Numbers & Letters","Tools & Hardware"
"Hardware Hasps","Tools & Hardware"
"Hardware Clips","Tools & Hardware"
"Decking Caps","Tools & Hardware"
"Pressure Gauges","Tools & Hardware"
"Cement","Tools & Hardware"
"Spray Paints","Tools & Hardware"
"Caulking Guns","Tools & Hardware"
"Air Hoses","Tools & Hardware"
"Paint Strippers & Removers","Tools & Hardware"
"Household Paintbrushes","Tools & Hardware"
"Soldering Tips","Tools & Hardware"
"Other Electrical Equipment Supplies","Tools & Hardware"
"Electrical Outlets","Tools & Hardware"
"Pipe Fitting Floor Flanges","Tools & Hardware"
"Water Heaters","Tools & Hardware"
"Toilet Tank Repair Kits","Tools & Hardware"
"Water Heater Connectors","Tools & Hardware"
"Weatherproofing Garage Door Seals","Tools & Hardware"
"Motion Detectors","Tools & Hardware"
"Construction Shingles & Shakes","Tools & Hardware"
"Flooring Materials","Tools & Hardware"
"Shower Enclosures","Tools & Hardware"
"Welding Helmets","Tools & Hardware"
"Paint Rollers","Tools & Hardware"
"Plasma Cutters","Tools & Hardware"
"Power Sanders","Tools & Hardware"
"Workbenches","Tools & Hardware"
"Fence Posts","Tools & Hardware"
"Other Decking & Fencing Hardware","Tools & Hardware"
"Material Handling Securing Straps","Tools & Hardware"
"Power Paint Sprayers","Tools & Hardware"
"Pipe & Plumbing Strainers","Tools & Hardware"
"Toilets","Tools & Hardware"
"Power Rotary Tool Chuck Arbors","Tools & Hardware"
"Other Flooring Supplies & Accessories","Tools & Hardware"
"Power Saws","Tools & Hardware"
"Solder","Tools & Hardware"
"Hardware Nails","Tools & Hardware"
"Measuring Wheels","Tools & Hardware"
"Circuit Breaker Panels","Tools & Hardware"
"Drain Snakes","Tools & Hardware"
"Toilet Flappers","Tools & Hardware"
"Furniture Grippers, Pads & Sliders","Tools & Hardware"
"Dowels","Tools & Hardware"
"Multitools","Tools & Hardware"
"Kneeling Pads","Tools & Hardware"
"Shower Hoses","Tools & Hardware"
"Sink Aerators","Tools & Hardware"
"Water Diverters","Tools & Hardware"
"Calipers","Tools & Hardware"
"Towing Winches","Tools & Hardware"
"Door Latches & Bolts","Tools & Hardware"
"Cabinet & Furniture Drawer Slides","Tools & Hardware"
"Hand Tool Punches","Tools & Hardware"
"Scissor Lifts","Tools & Hardware"
"Air Blow Guns","Tools & Hardware"
"Voltage Testers","Tools & Hardware"
"Paint Roller Frames","Tools & Hardware"
"Other Painting Supplies","Tools & Hardware"
"Other Wallpaper Supplies","Tools & Hardware"
"Paint Can Liners","Tools & Hardware"
"Levels","Tools & Hardware"
"Measuring Tape","Tools & Hardware"
"Nail Guns","Tools & Hardware"
"Pry Bars","Tools & Hardware"
"Brazing & Welding Flux","Tools & Hardware"
"Rubbing Bricks","Tools & Hardware"
"Other Toilet Parts","Tools & Hardware"
"Door Closers","Tools & Hardware"
"Pulleys","Tools & Hardware"
"Door Strike Plates","Tools & Hardware"
"Electric Fence Insulators","Tools & Hardware"
"Electric Ratchets","Tools & Hardware"
"Cord Reels","Tools & Hardware"
"Sockets","Tools & Hardware"
"Lathes","Tools & Hardware"
"Welders","Tools & Hardware"
"Power Milling Machines","Tools & Hardware"
"Hydraulic Presses","Tools & Hardware"
"Bidet Attachments","Tools & Hardware"
"Table Bases","Tools & Hardware"
"Heating Radiators","Tools & Hardware"
"Circuit Testers","Tools & Hardware"
"Hand Files & Rasps","Tools & Hardware"
"Wall Fillers","Tools & Hardware"
"Floor Coating","Tools & Hardware"
"Staple Guns","Tools & Hardware"
"Tool Belts","Tools & Hardware"
"Hardware Nuts","Tools & Hardware"
"Hardware Chain Links","Tools & Hardware"
"Dowel Pins","Tools & Hardware"
"Picture Hangers & Kits","Tools & Hardware"
"Padlocks","Tools & Hardware"
"String Trimmers","Tools & Hardware"
"Air Compressor Tanks","Tools & Hardware"
"Work Safety Eye Protection","Tools & Hardware"
"Hand Drills","Tools & Hardware"
"Brazing & Welding Rods","Tools & Hardware"
"Thermostats","Tools & Hardware"
"Ladders","Tools & Hardware"
"Construction Siding","Tools & Hardware"
"Electric Fencing","Tools & Hardware"
"Air Inflation Couplers","Tools & Hardware"
"Other Air Tool Accessories","Tools & Hardware"
"Drill Presses","Tools & Hardware"
"Cable Insertion & Extraction Tools","Tools & Hardware"
"Lifting Hoists","Tools & Hardware"
"Shower Doors","Tools & Hardware"
"Lawn Rollers","Tools & Hardware"
"Interlocking Floor Mats","Tools & Hardware"
"Water Softeners","Tools & Hardware"
"Urinals","Tools & Hardware"
"Roof Trusses","Tools & Hardware"
"Water Tanks","Tools & Hardware"
"Tool Handles","Tools & Hardware"
"Shower Steam Generators","Tools & Hardware"
"Tool Sets","Tools & Hardware"
"Plumb Bobs","Tools & Hardware"
"Other Construction Heating & Cooling Supplies","Tools & Hardware"
"Faucet Escutcheon Plates","Tools & Hardware"
"Impact Drivers","Tools & Hardware"
"Woodworking Routers","Tools & Hardware"
"Countertops","Tools & Hardware"
"Hardware Turnbuckles","Tools & Hardware"
"Insulation","Tools & Hardware"
"Household Sensors & Alarms","Tools & Hardware"
"Taping Knives","Tools & Hardware"
"Pipe Caps","Tools & Hardware"
"Door Thresholds","Tools & Hardware"
"Hardware Grab Hooks","Tools & Hardware"
"Architectural Molding & Trim","Tools & Hardware"
"Utility Knives","Tools & Hardware"
"Hardware Joint Fasteners","Tools & Hardware"
"Electrical System Relays","Tools & Hardware"
"Hardware Bumpers","Tools & Hardware"
"Door Bottoms & Sweeps","Tools & Hardware"
"Anvils","Tools & Hardware"
"Power Rotary Tool Collets","Tools & Hardware"
"Drill Chucks","Tools & Hardware"
"Hardware Bolts","Tools & Hardware"
"Hardware Back Plates","Tools & Hardware"
"Window Operators","Tools & Hardware"
"Mounted Soap Dispensers","Tools & Hardware"
"Hardware Threaded Rods","Tools & Hardware"
"Plate Compactors","Tools & Hardware"
"Power Planers","Tools & Hardware"
"Extension Poles","Tools & Hardware"
"Joint Compound","Tools & Hardware"
"Paint Roller Trays","Tools & Hardware"
"Epoxy Coatings","Tools & Hardware"
"Grease Guns","Tools & Hardware"
"Pipe & Cable Locators","Tools & Hardware"
"Lifting Magnets","Tools & Hardware"
"Arbor Presses","Tools & Hardware"
"Hand Trucks","Tools & Hardware"
"Construction Adhesives","Tools & Hardware"
"Jigs","Tools & Hardware"
"Oscillating Power Tools","Tools & Hardware"
"Power Shears & Nibblers","Tools & Hardware"
"Welding Electrodes","Tools & Hardware"
"Power Rotary Tools","Tools & Hardware"
"Shower Stalls","Tools & Hardware"
"Barn Door Hardware Kits","Tools & Hardware"
"Hardware Biscuits & Plugs","Tools & Hardware"
"Bathroom Side Splashes","Tools & Hardware"
"Radiant Barriers","Tools & Hardware"
"Power Rotary Tool Chucks","Tools & Hardware"
"Concrete Vibrators","Tools & Hardware"
"Trolleys","Tools & Hardware"
"Masonry Floats","Tools & Hardware"
"Magnetic Sweepers","Tools & Hardware"
"Hardware Braces","Tools & Hardware"
"Septic Tank Treatments","Tools & Hardware"
"Drywall Lifts","Tools & Hardware"
"Paving Molds","Tools & Hardware"
"Anti-Fatigue Mats","Tools & Hardware"
"Other Concrete Supplies","Tools & Hardware"
"Door Kick Plates","Tools & Hardware"
"Hardware Rivets","Tools & Hardware"
"Tool Sheaths","Tools & Hardware"
"Replacement Inducer Blower Motors","Tools & Hardware"
"Hardware Grommets","Tools & Hardware"
"Handsaws","Tools & Hardware"
"Desoldering Wicks","Tools & Hardware"
"Security Door Chains & Guards","Tools & Hardware"
"Flaring Tools","Tools & Hardware"
"Hand Tool Nippers","Tools & Hardware"
"Thermostat Guards","Tools & Hardware"
"Welding Tips","Tools & Hardware"
"Drill Bit Tip Holders","Tools & Hardware"
"Lifting Cranes","Tools & Hardware"
"Air Compressor Pumps","Tools & Hardware"
"Tool Lanyards","Tools & Hardware"
"Leveling Shims","Tools & Hardware"
"Faucet Air Gaps","Tools & Hardware"
"Scaffolding","Tools & Hardware"
"Power Tool Sets","Tools & Hardware"
"Roof Soffit Material","Tools & Hardware"
"Paint Convenience Tools","Tools & Hardware"
"Power Rotary Tool Mandrels","Tools & Hardware"
"Hand Tool Squares","Tools & Hardware"
"Lifting Tables","Tools & Hardware"
"Electric Fence Energizers","Tools & Hardware"
"Wire Looms & Separators","Tools & Hardware"
"Roof Coating","Tools & Hardware"
"Air Compressor Pressure Switches","Tools & Hardware"
"Door Mail Slots","Tools & Hardware"
"Water Heater Pans","Tools & Hardware"
"Raw Lumber","Tools & Hardware"
"Power Tools","Tools & Hardware"
"Sink Pedestals","Tools & Hardware"
"Carpet Stretchers","Tools & Hardware"
"Other Welding Supplies","Tools & Hardware"
"Hand Planes","Tools & Hardware"
"Force Gauges","Tools & Hardware"
"Drain Cleaning Machines","Tools & Hardware"
"Door Grilles","Tools & Hardware"
"Cement Mixers","Tools & Hardware"
"Bidet Toilet Seats","Tools & Hardware"
"Concrete Power Screeds","Tools & Hardware"
"Roof Caps","Tools & Hardware"
"Nail Pullers","Tools & Hardware"
"Air Pumps","Tools & Hardware"
"Soldering Guns & Irons","Tools & Hardware"
"Grounding Braids","Tools & Hardware"
"Mortar Mix","Tools & Hardware"
"Riveters","Tools & Hardware"
"Power Tool Stands","Tools & Hardware"
"Household Paint Thinners & Solvents","Tools & Hardware"
"Concrete Stains & Finishes","Tools & Hardware"
"Floor Finish Compounds","Tools & Hardware"
"Shovel Handles","Tools & Hardware"
"Floor Leveling Compounds","Tools & Hardware"
"Concrete Kneeboards","Tools & Hardware"
"Paint Roller Sets","Tools & Hardware"
"Saw Horses","Tools & Hardware"
"Vacuum Lifters","Tools & Hardware"
"Window & Sliding Door Moveable Stops","Tools & Hardware"
"Stud Finders","Tools & Hardware"
"Lifting Clamps","Tools & Hardware"
"Flow Meters","Tools & Hardware"
"Power Water & Condensate Pumps","Tools & Hardware"
"Dust Collectors","Tools & Hardware"
"Toilet Trip Levers","Tools & Hardware"
"Soldering & Desoldering Stations","Tools & Hardware"
"Goniometers","Tools & Hardware"
"Concrete Bonding Agents","Tools & Hardware"
"Concrete Screeds","Tools & Hardware"
"Screw Guns","Tools & Hardware"
"Hand Tampers","Tools & Hardware"
"Window & Door Frames","Tools & Hardware"
"Small Engines","Tools & Hardware"
"Bidets","Tools & Hardware"
"Household Water Sensors","Tools & Hardware"
"Paint Samples","Tools & Hardware"
"Garage Door Remotes","Tools & Hardware"
"Pallet Trucks","Tools & Hardware"
"Welding Carts","Tools & Hardware"
"Welding Hoses","Tools & Hardware"
"Weatherproofing Window Insulation Kits","Tools & Hardware"
"Empty Paint Cans","Tools & Hardware"
"Plaster","Tools & Hardware"
"Sanding Frames","Tools & Hardware"
"Rotary Hammers","Tools & Hardware"
"Tile Grout","Tools & Hardware"
"Brazing Torches","Tools & Hardware"
"Tap Extractors","Tools & Hardware"
"Welding Alloys","Tools & Hardware"
"Recirculating Pumps","Tools & Hardware"
"Electrical Ballasts","Tools & Hardware"
"Awls","Tools & Hardware"
"Acid Cleaners","Tools & Hardware"
"Lathe Cole Jaws","Tools & Hardware"
"Lathe Centers","Tools & Hardware"
"Weatherproofing Pipe Coverings","Tools & Hardware"
"Carpentry Squares","Tools & Hardware"
"Structural Straps","Tools & Hardware"
"Drainage Systems","Tools & Hardware"
"Window Balances","Tools & Hardware"
"Drill Bit Sharpeners","Tools & Hardware"
"Hydraulic Oils","Tools & Hardware"
"Plaster Hawks","Tools & Hardware"
"Door Viewers","Tools & Hardware"
"Wallpaper Strippers","Tools & Hardware"
"Tool Balancers","Tools & Hardware"
"Masonry Brushes","Tools & Hardware"
"Pallet Scales","Tools & Hardware"
"Mobile Power Tool Bases","Tools & Hardware"
"Power Jointers","Tools & Hardware"
"Pegboards","Tools & Hardware"
"Cable Markers","Tools & Hardware"
"Home Improvement Installation Aids","Tools & Hardware"
"Moving Straps","Tools & Hardware"
"Backflow Prevention Assemblies","Tools & Hardware"
"Plate Joiners","Tools & Hardware"
"Power Sand Blasters","Tools & Hardware"
"Rock Tumblers","Tools & Hardware"
"Windows","Tools & Hardware"
"Power Shapers","Tools & Hardware"
"Nut Splitters","Tools & Hardware"
"Cable Testers","Tools & Hardware"
"Roof Gutters","Tools & Hardware"
"Drywall","Tools & Hardware"
"Garbage Disposal Switches","Tools & Hardware"
"Ceiling Tile","Tools & Hardware"
"Masonry Forms","Tools & Hardware"
"Transport Drums","Tools & Hardware"
"Wallpaper Smoothing Tools","Tools & Hardware"
"Pallets","Tools & Hardware"
"Carpet Underlayments","Tools & Hardware"
"Concrete Darbies","Tools & Hardware"
"Carpet Installer Knee Kickers","Tools & Hardware"
"Toilet Tank Balls & Rods","Tools & Hardware"
"Miter Boxes","Tools & Hardware"
"Showerhead Filters","Tools & Hardware"
"Reinforcing Bars","Tools & Hardware"
"Ceiling Suspension Systems","Tools & Hardware"
"Laser Detectors","Tools & Hardware"
"Concrete Chutes","Tools & Hardware"
"Garage Doors","Tools & Hardware"
"Abrasive Belt Cleaners","Tools & Hardware"
"Construction Bricks","Tools & Hardware"
"Lock Replacement Sets","Tools & Hardware"
"Air-Powered Drain Clearing Tools","Tools & Hardware"
"Entertainment Tickets","Tickets"
"Kick Scooters","Sports & Outdoors"
"Softballs","Sports & Outdoors"
"Sport Leg Guards","Sports & Outdoors"
"Baseballs","Sports & Outdoors"
"Basketball Backboard Pads","Sports & Outdoors"
"Basketballs","Sports & Outdoors"
"Shot Puts","Sports & Outdoors"
"Sport Hurdles","Sports & Outdoors"
"Boat Accessories","Sports & Outdoors"
"Sports Bleachers","Sports & Outdoors"
"Volleyballs","Sports & Outdoors"
"Swim Caps","Sports & Outdoors"
"Fishing Lures","Sports & Outdoors"
"Fishing Downriggers","Sports & Outdoors"
"Fishing Pliers & Tools","Sports & Outdoors"
"Boating Bilge Pumps","Sports & Outdoors"
"Fishing Tackle Boxes & Bait Storage","Sports & Outdoors"
"Boat Fishing Rod Holders","Sports & Outdoors"
"Boat Propellers","Sports & Outdoors"
"Life Jackets & Vests","Sports & Outdoors"
"Fuel Flow Instruments","Sports & Outdoors"
"Dock Lines & Rope","Sports & Outdoors"
"Boat Cleats","Sports & Outdoors"
"Picnic Blankets & Mats","Sports & Outdoors"
"Water Bottles","Sports & Outdoors"
"Sport Knee Pads","Sports & Outdoors"
"Pocket Knives","Sports & Outdoors"
"Dart Carrying Cases & Wallets","Sports & Outdoors"
"Dart Backboards","Sports & Outdoors"
"Billiard Cues","Sports & Outdoors"
"Billiard Cue Racks","Sports & Outdoors"
"Athletic Shorts","Sports & Outdoors"
"Athletic Shirts & Tops","Sports & Outdoors"
"Baseball Pants","Sports & Outdoors"
"Football Pants","Sports & Outdoors"
"Soccer Balls","Sports & Outdoors"
"Hunting Game Carts","Sports & Outdoors"
"Bicycle Locks","Sports & Outdoors"
"Gun Cases","Sports & Outdoors"
"Home Gyms","Sports & Outdoors"
"Sport Training Aids","Sports & Outdoors"
"Tents","Sports & Outdoors"
"Boating Anchors","Sports & Outdoors"
"Fishfinders","Sports & Outdoors"
"Dartboards","Sports & Outdoors"
"Maps","Sports & Outdoors"
"Backyard Soccer Goals","Sports & Outdoors"
"Exercise Bands","Sports & Outdoors"
"Other Football Supplies","Sports & Outdoors"
"Track & Field Relay Batons","Sports & Outdoors"
"Baseball Pitching Rubbers","Sports & Outdoors"
"Baseball Bases","Sports & Outdoors"
"Sports Reflectors & Reflective Gear","Sports & Outdoors"
"Emergency Blankets","Sports & Outdoors"
"Other Fishing Accessories","Sports & Outdoors"
"Compasses","Sports & Outdoors"
"Boat Fenders","Sports & Outdoors"
"Boat Seats","Sports & Outdoors"
"Fishing Terminal Tackle","Sports & Outdoors"
"Paddle Boards","Sports & Outdoors"
"Fishing Line","Sports & Outdoors"
"Sports Fan Jerseys","Sports & Outdoors"
"Umpire Bags","Sports & Outdoors"
"Hunting Blinds","Sports & Outdoors"
"Kayaks","Sports & Outdoors"
"Stopwatches","Sports & Outdoors"
"Chaps","Sports & Outdoors"
"Other Kayaking Supplies","Sports & Outdoors"
"Bicycle Pedals","Sports & Outdoors"
"Ammunition Cases & Holders","Sports & Outdoors"
"Archery Bow Cases","Sports & Outdoors"
"Scoreboards & Timers","Sports & Outdoors"
"Other Archery Supplies","Sports & Outdoors"
"Catchers Mitts","Sports & Outdoors"
"Scrimmage Vests","Sports & Outdoors"
"Other Tennis Supplies","Sports & Outdoors"
"Trolling Motors","Sports & Outdoors"
"Darts","Sports & Outdoors"
"Dart Flights","Sports & Outdoors"
"Billiard Tables","Sports & Outdoors"
"Sport Helmets","Sports & Outdoors"
"Baseball Belts","Sports & Outdoors"
"Baseball Batting Tees","Sports & Outdoors"
"Football Practice Jerseys","Sports & Outdoors"
"Footballs","Sports & Outdoors"
"Camping Chairs","Sports & Outdoors"
"Portable Toilets","Sports & Outdoors"
"Sport Starters Hearing Protectors","Sports & Outdoors"
"Floor Hockey Sticks","Sports & Outdoors"
"Sleds","Sports & Outdoors"
"Soccer Jerseys","Sports & Outdoors"
"Kettlebells","Sports & Outdoors"
"Sports Field Maintenance Equipment","Sports & Outdoors"
"Exercise Mats","Sports & Outdoors"
"Other Baseball Supplies","Sports & Outdoors"
"Boat Windvanes","Sports & Outdoors"
"Dock Cleats","Sports & Outdoors"
"Depth Finders","Sports & Outdoors"
"Sport Protective Head Gear","Sports & Outdoors"
"Cricket Gloves","Sports & Outdoors"
"Catchers Knee Savers","Sports & Outdoors"
"Watercraft Paddles & Oars","Sports & Outdoors"
"Yoga Mats","Sports & Outdoors"
"Exercise Foam Rollers","Sports & Outdoors"
"Punching Bags","Sports & Outdoors"
"Badminton Shuttlecocks","Sports & Outdoors"
"Golf Balls","Sports & Outdoors"
"Golf Watches","Sports & Outdoors"
"Bicycle Stands","Sports & Outdoors"
"Boat Bimini Tops","Sports & Outdoors"
"Bicycle Trailers","Sports & Outdoors"
"Other Hunting Supplies","Sports & Outdoors"
"Football Facemasks","Sports & Outdoors"
"Basketball Storage","Sports & Outdoors"
"Coach Scorebooks","Sports & Outdoors"
"Cheerleading Poms","Sports & Outdoors"
"Baseball Protective Screens","Sports & Outdoors"
"Boating Windlasses","Sports & Outdoors"
"Skateboards","Sports & Outdoors"
"Gymnastics Bars","Sports & Outdoors"
"Fishing Wader Boots","Sports & Outdoors"
"Lacrosse Goals","Sports & Outdoors"
"Athletic Gloves","Sports & Outdoors"
"Sports Sweatbands","Sports & Outdoors"
"Hockey Balls","Sports & Outdoors"
"Trampoline Anchor Kits","Sports & Outdoors"
"Other Coach & Referee Gear","Sports & Outdoors"
"Dry Bags","Sports & Outdoors"
"Poolside Basketball Systems","Sports & Outdoors"
"Ice Augers","Sports & Outdoors"
"Water Trampolines","Sports & Outdoors"
"Vibrating Platform Exercise Machines","Sports & Outdoors"
"Barbell Pads","Sports & Outdoors"
"Mosquito Nets","Sports & Outdoors"
"Portable Shower Gear","Sports & Outdoors"
"Dock Ladders","Sports & Outdoors"
"Running Belts","Sports & Outdoors"
"Exercise Balls","Sports & Outdoors"
"Jump Ropes","Sports & Outdoors"
"Baseball Bats","Sports & Outdoors"
"Catchers Chest Protectors","Sports & Outdoors"
"Pickleball Paddles","Sports & Outdoors"
"Dumbbells","Sports & Outdoors"
"Badminton Sets","Sports & Outdoors"
"Boat Autopilots","Sports & Outdoors"
"Drysuits","Sports & Outdoors"
"Gun Safes","Sports & Outdoors"
"Hunting Decoys","Sports & Outdoors"
"Weighted Vests","Sports & Outdoors"
"Abdominal Trainers","Sports & Outdoors"
"Weight Benches","Sports & Outdoors"
"Soccer Cleats","Sports & Outdoors"
"Flag Football Belts","Sports & Outdoors"
"Rosin Bags","Sports & Outdoors"
"Football Target Nets","Sports & Outdoors"
"Shooting & Archery Targets","Sports & Outdoors"
"Mooring Buoys","Sports & Outdoors"
"Volleyball Net Antennas","Sports & Outdoors"
"Hockey Sets","Sports & Outdoors"
"Megaphones","Sports & Outdoors"
"Air Guns","Sports & Outdoors"
"Canoes","Sports & Outdoors"
"Basketball Rims","Sports & Outdoors"
"Arm Guards","Sports & Outdoors"
"Baseball Drag Mats","Sports & Outdoors"
"Table Tennis Paddles","Sports & Outdoors"
"Batting Cages","Sports & Outdoors"
"Fishing Nets","Sports & Outdoors"
"Camping Lanterns","Sports & Outdoors"
"Cooler Backpacks","Sports & Outdoors"
"Bicycle Training Wheels","Sports & Outdoors"
"Stadium Seats & Cushions","Sports & Outdoors"
"Parachutes","Sports & Outdoors"
"Backpacking Backpacks","Sports & Outdoors"
"Volleyball Practice Machines","Sports & Outdoors"
"Exercise Protective Flooring","Sports & Outdoors"
"Dance Floors","Sports & Outdoors"
"Kayak Carts","Sports & Outdoors"
"Hunting Camouflage Accessories","Sports & Outdoors"
"Sports Cones","Sports & Outdoors"
"Tennis Nets","Sports & Outdoors"
"Football Yard Markers","Sports & Outdoors"
"Track & Field Markers","Sports & Outdoors"
"Tennis Racquets","Sports & Outdoors"
"Track & Field Starting Blocks","Sports & Outdoors"
"Diving Reels","Sports & Outdoors"
"Boat Vents & Deck Plates","Sports & Outdoors"
"Pool Cues","Sports & Outdoors"
"Waterskiing Ropes & Handles","Sports & Outdoors"
"Weight Plates","Sports & Outdoors"
"Track & Field Cones","Sports & Outdoors"
"Hand Strengtheners","Sports & Outdoors"
"Sport Whistles","Sports & Outdoors"
"Sports Equipment Bags","Sports & Outdoors"
"Bicycle Trainers","Sports & Outdoors"
"Volleyball Nets","Sports & Outdoors"
"Bicycle Lights","Sports & Outdoors"
"Baseball Backstops","Sports & Outdoors"
"Fishing Rod Racks","Sports & Outdoors"
"Boat Hooks","Sports & Outdoors"
"Boating EPIRBs","Sports & Outdoors"
"Dart Points","Sports & Outdoors"
"Hunting Tree Stands","Sports & Outdoors"
"Tennis Balls","Sports & Outdoors"
"Billiard Cue Tips","Sports & Outdoors"
"Fishing Rods","Sports & Outdoors"
"Bicycle Kickstands","Sports & Outdoors"
"Volleyball Net Systems","Sports & Outdoors"
"Gymnastics Flooring","Sports & Outdoors"
"Inflation Needles","Sports & Outdoors"
"Medicine Balls","Sports & Outdoors"
"Sport Goal Nets","Sports & Outdoors"
"Baseball Gloves & Mitts","Sports & Outdoors"
"Umpire Leg Guards","Sports & Outdoors"
"Paddleball Paddles","Sports & Outdoors"
"Watercraft Paddle & Oar Accessories","Sports & Outdoors"
"Wakeboarding Lines","Sports & Outdoors"
"Athletic Pants","Sports & Outdoors"
"Floor Hockey Pucks","Sports & Outdoors"
"Weight Bars","Sports & Outdoors"
"Portable Sinks & Wash Stations","Sports & Outdoors"
"Golf Swing Trainers","Sports & Outdoors"
"Ammunition","Sports & Outdoors"
"Battle Ropes","Sports & Outdoors"
"Boat Motors","Sports & Outdoors"
"Boat Motor Flushers","Sports & Outdoors"
"Carabiners","Sports & Outdoors"
"Swim Belts","Sports & Outdoors"
"Other Exercise & Fitness Accessories","Sports & Outdoors"
"Exercise Machine Attachments","Sports & Outdoors"
"Electric Scooters","Sports & Outdoors"
"Batons","Sports & Outdoors"
"Bicycle Brake Rotors","Sports & Outdoors"
"Bicycle Shorts","Sports & Outdoors"
"Golf Hitting Nets","Sports & Outdoors"
"Horse Blankets & Sheets","Sports & Outdoors"
"Bicycle Pumps","Sports & Outdoors"
"Bicycle Bells & Horns","Sports & Outdoors"
"Helmet Hardware Kits","Sports & Outdoors"
"Gun Rails","Sports & Outdoors"
"Horse Riding Spurs","Sports & Outdoors"
"Athletic Compression Socks","Sports & Outdoors"
"Football Sleds & Chutes","Sports & Outdoors"
"Golf Hitting & Putting Mats","Sports & Outdoors"
"Racquet Sport Balls","Sports & Outdoors"
"Umpire Indicators","Sports & Outdoors"
"Football Kicking Holders & Tees","Sports & Outdoors"
"Dartboard Cabinets","Sports & Outdoors"
"Sport Mouth Guards","Sports & Outdoors"
"Fishing Rod & Reel Combos","Sports & Outdoors"
"Elliptical Trainers","Sports & Outdoors"
"Horse Halters","Sports & Outdoors"
"Dance Barres","Sports & Outdoors"
"Exercise Bikes","Sports & Outdoors"
"Track & Field Starting Block Carts","Sports & Outdoors"
"Football Dummies","Sports & Outdoors"
"Pull-Up Bars","Sports & Outdoors"
"Dock Guards","Sports & Outdoors"
"Soccer Shorts","Sports & Outdoors"
"Kayak Storage Racks","Sports & Outdoors"
"Camping Tables","Sports & Outdoors"
"Football Back Plates","Sports & Outdoors"
"Snorkels","Sports & Outdoors"
"Other Bicycle Accessories","Sports & Outdoors"
"Soccer Goalie Gloves","Sports & Outdoors"
"Sport Shin Guards","Sports & Outdoors"
"Hunting Game Hoists & Gambrels","Sports & Outdoors"
"Exercise Treadmills","Sports & Outdoors"
"Boat Trailers","Sports & Outdoors"
"Hunting Attractants","Sports & Outdoors"
"Sports Pole Holders & Bases","Sports & Outdoors"
"Weight Racks","Sports & Outdoors"
"Racquet Sport Racquets","Sports & Outdoors"
"Boat Outboard Motor Brackets","Sports & Outdoors"
"Exercise Wraps","Sports & Outdoors"
"Field Hockey Goalie Hand Protectors","Sports & Outdoors"
"Exercise Weights","Sports & Outdoors"
"Inflatable Rafts","Sports & Outdoors"
"Sport Harnesses","Sports & Outdoors"
"Hoof Picks","Sports & Outdoors"
"Snow Shovels","Sports & Outdoors"
"Tent Stakes","Sports & Outdoors"
"Batting Gloves","Sports & Outdoors"
"Motorsport Pants","Sports & Outdoors"
"Yoga Towels","Sports & Outdoors"
"Archery Bows","Sports & Outdoors"
"Other Golf Accessories","Sports & Outdoors"
"Lacrosse Nets","Sports & Outdoors"
"Camping Stoves","Sports & Outdoors"
"Other Water Sports Supplies","Sports & Outdoors"
"Floor Hockey Sets","Sports & Outdoors"
"Electric Bicycle Conversion Kits","Sports & Outdoors"
"Badminton Racquets","Sports & Outdoors"
"Gun Monopods, Bipods & Accessories","Sports & Outdoors"
"Billiard Cue Chalk","Sports & Outdoors"
"Climbing Ropes","Sports & Outdoors"
"Swim Vests","Sports & Outdoors"
"Soccer Nets","Sports & Outdoors"
"Waterskiing Towables","Sports & Outdoors"
"Pedometers","Sports & Outdoors"
"Ankle Weights","Sports & Outdoors"
"Gun Holsters & Holders","Sports & Outdoors"
"Hydration Packs","Sports & Outdoors"
"Baseball Equipment Bags","Sports & Outdoors"
"Football Cones & Pylons","Sports & Outdoors"
"Athletic Compression Sleeves","Sports & Outdoors"
"Sport Hand & Arm Pads","Sports & Outdoors"
"Sport Hip & Tail Pads","Sports & Outdoors"
"Dock Steps","Sports & Outdoors"
"Electric Bicycles","Sports & Outdoors"
"Fish Cleaning Tables","Sports & Outdoors"
"Bicycle Bottle Cages","Sports & Outdoors"
"Fitness Trackers","Sports & Outdoors"
"Racquet Sport Nets","Sports & Outdoors"
"Football Knee Pads","Sports & Outdoors"
"Climbing Rope Bags","Sports & Outdoors"
"Fishing Boats","Sports & Outdoors"
"Hunting Trail Monitors","Sports & Outdoors"
"Trampoline Covers","Sports & Outdoors"
"Hunting Game Feeders","Sports & Outdoors"
"Track & Field Crossbars","Sports & Outdoors"
"Fly Leaders & Tippet Materials","Sports & Outdoors"
"Manual Air Pumps","Sports & Outdoors"
"Billiard Cue Cases","Sports & Outdoors"
"Tactical Knives","Sports & Outdoors"
"Balance Boards","Sports & Outdoors"
"Bicycle Panniers & Rack Trunks","Sports & Outdoors"
"Pop Up Soccer Goals","Sports & Outdoors"
"In Ground Basketball Systems","Sports & Outdoors"
"Yoga Blocks","Sports & Outdoors"
"Backpacking Stoves","Sports & Outdoors"
"Other Backpacking & Camping Supplies","Sports & Outdoors"
"Other Basketball Supplies","Sports & Outdoors"
"Sports Corner Flags","Sports & Outdoors"
"Discuses","Sports & Outdoors"
"Pitching Mounds","Sports & Outdoors"
"Fish Scales","Sports & Outdoors"
"Gun Locks","Sports & Outdoors"
"Plyo Boxes","Sports & Outdoors"
"Table Tennis Tables","Sports & Outdoors"
"Hunting Calls & Lures","Sports & Outdoors"
"Exercise Collars","Sports & Outdoors"
"Soccer Shin Guards","Sports & Outdoors"
"Snowmobile Sled Slides","Sports & Outdoors"
"Sport Goals","Sports & Outdoors"
"Horse Bits","Sports & Outdoors"
"Speed Punching Bag Platforms","Sports & Outdoors"
"Hockey Goals","Sports & Outdoors"
"Soccer Rebounders","Sports & Outdoors"
"Diving Kits","Sports & Outdoors"
"Exercise Sandbags","Sports & Outdoors"
"Football Shoulder Pads","Sports & Outdoors"
"Jock Straps","Sports & Outdoors"
"Hockey Sticks","Sports & Outdoors"
"Bowling Equipment Sets","Sports & Outdoors"
"Volleyball Ball Carts","Sports & Outdoors"
"Rowing Shell Covers","Sports & Outdoors"
"Dry Boxes","Sports & Outdoors"
"Horse Bridles","Sports & Outdoors"
"Basketball Nets","Sports & Outdoors"
"Fishing Rod Cases & Tubes","Sports & Outdoors"
"Snowmobile Covers","Sports & Outdoors"
"Snowmobile Traction","Sports & Outdoors"
"Golf GPS","Sports & Outdoors"
"Bicycle Storage Hooks","Sports & Outdoors"
"Bicycle Lubricants & Greases","Sports & Outdoors"
"Sleeping Bags","Sports & Outdoors"
"Basketball Backboards","Sports & Outdoors"
"Shooting Rests","Sports & Outdoors"
"Catchers Leg Guards","Sports & Outdoors"
"Fishing Weights","Sports & Outdoors"
"Slacklines","Sports & Outdoors"
"Chemical Hand & Foot Warmers","Sports & Outdoors"
"Range Bags & Packs","Sports & Outdoors"
"Surfboards","Sports & Outdoors"
"Dock Boxes","Sports & Outdoors"
"Leg Exercise Machines","Sports & Outdoors"
"Bicycle Baskets","Sports & Outdoors"
"Other Soccer Supplies","Sports & Outdoors"
"Step Platforms","Sports & Outdoors"
"Horse Saddle Pads","Sports & Outdoors"
"Agility Ladders","Sports & Outdoors"
"Push-Up Stands","Sports & Outdoors"
"Football Thigh Pads","Sports & Outdoors"
"Base Layers","Sports & Outdoors"
"Clay Pigeon Throwers","Sports & Outdoors"
"Tennis Ball Machines","Sports & Outdoors"
"Bicycle Brake Sets","Sports & Outdoors"
"Other Bicycle Parts","Sports & Outdoors"
"Track & Field Cages","Sports & Outdoors"
"Bicycle Tire Tubes","Sports & Outdoors"
"Pickleball Nets","Sports & Outdoors"
"Yoga Slings","Sports & Outdoors"
"Yoga Bolsters","Sports & Outdoors"
"Weight Lifting Belts","Sports & Outdoors"
"Volleyball Pole Sets","Sports & Outdoors"
"Balaclavas","Sports & Outdoors"
"Portable Basketball Systems","Sports & Outdoors"
"Skateboard Wheels","Sports & Outdoors"
"Balance Trainer Half Balls","Sports & Outdoors"
"Sport Chalk","Sports & Outdoors"
"Fishing Marker Buoys","Sports & Outdoors"
"Pitching Machines","Sports & Outdoors"
"Tent Poles","Sports & Outdoors"
"Competition Soccer Goals","Sports & Outdoors"
"Yoga Mat Bags","Sports & Outdoors"
"Umpire Kits","Sports & Outdoors"
"Table Tennis Sets","Sports & Outdoors"
"Athletic Shoes","Sports & Outdoors"
"Yoga Blankets","Sports & Outdoors"
"Foul Poles","Sports & Outdoors"
"Pickleball Balls","Sports & Outdoors"
"Bowling Balls","Sports & Outdoors"
"Bicycle Tires","Sports & Outdoors"
"Bicycle Child Seats","Sports & Outdoors"
"Yoga Straps","Sports & Outdoors"
"Football Kicking Cages","Sports & Outdoors"
"Radar Guns","Sports & Outdoors"
"Golf Hats","Sports & Outdoors"
"Billiard Balls","Sports & Outdoors"
"Tent Accessories","Sports & Outdoors"
"Other Equestrian Care & Sport Supplies","Sports & Outdoors"
"Bicycle Covers","Sports & Outdoors"
"Batting Helmets","Sports & Outdoors"
"Swimming Pull Buoys","Sports & Outdoors"
"Playbook Wristband","Sports & Outdoors"
"Baseball Shirts","Sports & Outdoors"
"Bicycle Saddles","Sports & Outdoors"
"Other Hockey Supplies","Sports & Outdoors"
"Polo Mallets","Sports & Outdoors"
"Football Pant Belts","Sports & Outdoors"
"Lacrosse Balls","Sports & Outdoors"
"Aquatic Weights","Sports & Outdoors"
"Umpire Chest Protectors","Sports & Outdoors"
"Bicycle Chains","Sports & Outdoors"
"Oars","Sports & Outdoors"
"Bicycles","Sports & Outdoors"
"Football Machines","Sports & Outdoors"
"Archery Quivers","Sports & Outdoors"
"Roller Skates","Sports & Outdoors"
"Speed Punching Bag Stands","Sports & Outdoors"
"Other Swimming Supplies","Sports & Outdoors"
"Trampoline Mats","Sports & Outdoors"
"Gun Cleaning Kits","Sports & Outdoors"
"Archery Broadheads","Sports & Outdoors"
"Other Disc Golf Supplies","Sports & Outdoors"
"Fishing Flashers","Sports & Outdoors"
"Camping Water Storage","Sports & Outdoors"
"Lacrosse Training Tools","Sports & Outdoors"
"Shuffleboard Sets","Sports & Outdoors"
"Other Skating Supplies","Sports & Outdoors"
"Volleyball Knee Pads","Sports & Outdoors"
"Exercise Rowers","Sports & Outdoors"
"Balance Trainer Pads","Sports & Outdoors"
"Climbing Slings","Sports & Outdoors"
"Bicycle Grips","Sports & Outdoors"
"Javelins","Sports & Outdoors"
"Roller & Inline Skate Replacement Wheels","Sports & Outdoors"
"Other Racquet Sports Supplies","Sports & Outdoors"
"Racquet Sport Racquet Bags & Covers","Sports & Outdoors"
"Shuffleboard Tables","Sports & Outdoors"
"Heart Rate Monitors","Sports & Outdoors"
"Bicycle Seatposts","Sports & Outdoors"
"Other Table Tennis Supplies","Sports & Outdoors"
"Fishing Vest & Packs","Sports & Outdoors"
"Tennis Ball Hoppers","Sports & Outdoors"
"Sleeping Pads","Sports & Outdoors"
"Floor Hockey Balls","Sports & Outdoors"
"Archery Arrows","Sports & Outdoors"
"Horse Boots","Sports & Outdoors"
"Fish Traps","Sports & Outdoors"
"Lacrosse Sets","Sports & Outdoors"
"Other Diving Supplies","Sports & Outdoors"
"Ice Fishing Shelters","Sports & Outdoors"
"Hunting Scent Eliminators","Sports & Outdoors"
"Baseball Field Covers","Sports & Outdoors"
"Boat Docks","Sports & Outdoors"
"Swords","Sports & Outdoors"
"Gymnastics Balance Beams & Bases","Sports & Outdoors"
"Horse Saddles","Sports & Outdoors"
"Hunting Game Belts & Bags","Sports & Outdoors"
"Sport Safety Eyewear","Sports & Outdoors"
"Softball Bats","Sports & Outdoors"
"Baseball Bat Racks","Sports & Outdoors"
"Dip Stands","Sports & Outdoors"
"Sport Goggles","Sports & Outdoors"
"Rugby Balls","Sports & Outdoors"
"Gun Racks","Sports & Outdoors"
"Hiking Dog Packs","Sports & Outdoors"
"Track & Field Lap Counters","Sports & Outdoors"
"Catchers Helmets","Sports & Outdoors"
"Athletic Cleats","Sports & Outdoors"
"Wetsuit Booties","Sports & Outdoors"
"Gun Grips","Sports & Outdoors"
"Bicycle Shifters","Sports & Outdoors"
"Hunting Tree Steps","Sports & Outdoors"
"Hockey Pucks","Sports & Outdoors"
"Golf Tees","Sports & Outdoors"
"Boat Throw Rings","Sports & Outdoors"
"Football Girdles","Sports & Outdoors"
"Other Climbing Accessories","Sports & Outdoors"
"Baseball Rebounders","Sports & Outdoors"
"Shuffleboard Accessories","Sports & Outdoors"
"Paddle & Oar Blades","Sports & Outdoors"
"Step Machines","Sports & Outdoors"
"Baseball Cleats","Sports & Outdoors"
"Helmet Covers","Sports & Outdoors"
"Yoga Starter Sets","Sports & Outdoors"
"Mounted Basketball Systems","Sports & Outdoors"
"Golf Club Bags","Sports & Outdoors"
"Gunsmithing Tools & Accessories","Sports & Outdoors"
"Archery Stabilizers","Sports & Outdoors"
"Sailing Rigging","Sports & Outdoors"
"Yoga Socks","Sports & Outdoors"
"Water Board Fins","Sports & Outdoors"
"Billiard Table Covers","Sports & Outdoors"
"Exercise Power Stands","Sports & Outdoors"
"Wetsuits","Sports & Outdoors"
"Bicycle Computer Mounts","Sports & Outdoors"
"Sport Chest Protectors","Sports & Outdoors"
"Scooter Motors","Sports & Outdoors"
"Trampoline Accessories","Sports & Outdoors"
"Other Dart Supplies","Sports & Outdoors"
"Football Chin Straps","Sports & Outdoors"
"Field Hockey Nets","Sports & Outdoors"
"Golf Carts","Sports & Outdoors"
"Blender Bottles","Sports & Outdoors"
"Sport Goal Posts","Sports & Outdoors"
"Field Hockey Balls","Sports & Outdoors"
"Wiffle Balls","Sports & Outdoors"
"Horse Fly Sheets","Sports & Outdoors"
"Survival Signal Whistles","Sports & Outdoors"
"Basketball Court Accessories","Sports & Outdoors"
"Spat Tape","Sports & Outdoors"
"Boxing Punch Mitts","Sports & Outdoors"
"Billiard Table Tennis Conversion Tops","Sports & Outdoors"
"Football Gloves","Sports & Outdoors"
"Surfing Leashes","Sports & Outdoors"
"Chemical Water Treaters","Sports & Outdoors"
"Hunting Trophy Mounts","Sports & Outdoors"
"Racquet Sport Net Posts","Sports & Outdoors"
"Paintballs","Sports & Outdoors"
"Swimming Gear Bags","Sports & Outdoors"
"Bicycle Tools","Sports & Outdoors"
"Exercise Power Cages","Sports & Outdoors"
"Golf Shirts","Sports & Outdoors"
"Golf Push & Pull Carts","Sports & Outdoors"
"Climbing Webbing","Sports & Outdoors"
"Kayak Covers","Sports & Outdoors"
"Football Neck Rolls","Sports & Outdoors"
"Bicycle Helmets","Sports & Outdoors"
"Helmet Pumps","Sports & Outdoors"
"Backpack Shoulder Straps","Sports & Outdoors"
"Fishing Floats","Sports & Outdoors"
"Sling Shots","Sports & Outdoors"
"Other Billiard Supplies","Sports & Outdoors"
"Camping Stove Replacement Fuel","Sports & Outdoors"
"Football Helmets","Sports & Outdoors"
"Camping Mess Kits","Sports & Outdoors"
"Exercise Sliders","Sports & Outdoors"
"Bicycle Wheels","Sports & Outdoors"
"Bicycle Tire Repair Kits","Sports & Outdoors"
"Other Yoga Accessories","Sports & Outdoors"
"Gymnastics Rings","Sports & Outdoors"
"Hoverboards","Sports & Outdoors"
"Floor Hockey Goals","Sports & Outdoors"
"Boxing Gloves","Sports & Outdoors"
"Bicycle Computers","Sports & Outdoors"
"Horse Reins","Sports & Outdoors"
"Golf Spikes","Sports & Outdoors"
"Baseball Equipment Backpacks","Sports & Outdoors"
"Track & Field Flags","Sports & Outdoors"
"Ice Fishing Spearing Equipment","Sports & Outdoors"
"Other Dancing Supplies","Sports & Outdoors"
"Lacrosse Sticks","Sports & Outdoors"
"Handballs","Sports & Outdoors"
"Catchers Sets","Sports & Outdoors"
"Crossbows","Sports & Outdoors"
"Fishing Attractants","Sports & Outdoors"
"Catchers Masks","Sports & Outdoors"
"Gun Brushes","Sports & Outdoors"
"Fishing Reels","Sports & Outdoors"
"Ping Pong Balls","Sports & Outdoors"
"Arm Exercise Machines","Sports & Outdoors"
"Inversion Equipment","Sports & Outdoors"
"Climbing Pulleys","Sports & Outdoors"
"Gun Choke Tubes","Sports & Outdoors"
"Dinghies","Sports & Outdoors"
"Gas-Powered Scooters","Sports & Outdoors"
"Bicycle Mirrors","Sports & Outdoors"
"Gun Snakes","Sports & Outdoors"
"Bicycle Cleaners & Degreasers","Sports & Outdoors"
"Other Volleyball Accessories","Sports & Outdoors"
"Golf Polos","Sports & Outdoors"
"Fishing Bait Traps","Sports & Outdoors"
"Tennis Visors","Sports & Outdoors"
"Horse Girths & Cinches","Sports & Outdoors"
"Watercraft Seats & Thwarts","Sports & Outdoors"
"Gun Lubrication","Sports & Outdoors"
"Fishing Gaffs","Sports & Outdoors"
"Skull Caps","Sports & Outdoors"
"Golf Ball Retrievers","Sports & Outdoors"
"Bicycle Frame Bags","Sports & Outdoors"
"Tennis Court Sponge Rollers","Sports & Outdoors"
"Gun Swivels","Sports & Outdoors"
"Hunting Scents","Sports & Outdoors"
"Hockey Goalie Sticks","Sports & Outdoors"
"Golf Ball Markers","Sports & Outdoors"
"Basketball Pole Pads","Sports & Outdoors"
"Sports Tapes","Sports & Outdoors"
"Cleat Cleaners","Sports & Outdoors"
"Saddle Bags","Sports & Outdoors"
"Hunting Hearing Enhancement Aids","Sports & Outdoors"
"Waist Trimmers","Sports & Outdoors"
"Archery Release Aids","Sports & Outdoors"
"Yoga Wedges","Sports & Outdoors"
"Fishing Tackle Wraps","Sports & Outdoors"
"Track & Field Pit Rakes","Sports & Outdoors"
"Punching Bag Hangers","Sports & Outdoors"
"Horse Stirrups","Sports & Outdoors"
"Yoga Wheels","Sports & Outdoors"
"Jumping Trainers","Sports & Outdoors"
"Sport Protective Cups","Sports & Outdoors"
"Boxing & Martial Arts Strike Pads","Sports & Outdoors"
"Batting Bat Grips & Grip Tape","Sports & Outdoors"
"Racquet Sport Racquet Grips","Sports & Outdoors"
"Bicycle Tubes","Sports & Outdoors"
"Weight Lifting Gloves","Sports & Outdoors"
"Other Paintball Supplies","Sports & Outdoors"
"Sport Neck Protectors","Sports & Outdoors"
"Snowmobile Lifts","Sports & Outdoors"
"Baseball Mitt Treatments","Sports & Outdoors"
"Handlebars","Sports & Outdoors"
"Martial Arts Belts","Sports & Outdoors"
"Football Helmet Visors","Sports & Outdoors"
"Horse Riding Crops","Sports & Outdoors"
"Athletic Arm Sleeves","Sports & Outdoors"
"Other Martial Arts Supplies","Sports & Outdoors"
"Horse Care Liniments","Sports & Outdoors"
"Bicycle Front & Rear Racks","Sports & Outdoors"
"Basketball Returns","Sports & Outdoors"
"Penalty Cards","Sports & Outdoors"
"Waterskiing Kneeboards","Sports & Outdoors"
"Other Boxing Supplies","Sports & Outdoors"
"Sport Abdominal Guards","Sports & Outdoors"
"Backpack Pockets","Sports & Outdoors"
"Athletic Jackets","Sports & Outdoors"
"Camping Water Filters","Sports & Outdoors"
"Table Tennis Rubbers","Sports & Outdoors"
"Hunting Jackets","Sports & Outdoors"
"Waterskis","Sports & Outdoors"
"Archery Nocks","Sports & Outdoors"
"Ice Fishing Tip-Ups","Sports & Outdoors"
"Flasks, Canteens & Botas","Sports & Outdoors"
"Weight Lifting Straps","Sports & Outdoors"
"Aqua Dumbbells","Sports & Outdoors"
"Athletic Sweatshirts","Sports & Outdoors"
"Air Gun Tools","Sports & Outdoors"
"Walking Poles","Sports & Outdoors"
"Horse Martingales & Breastplates","Sports & Outdoors"
"Snowmobile Dolly Sets","Sports & Outdoors"
"Racquet Sport Racquet String","Sports & Outdoors"
"Gymnastics Hand Grips","Sports & Outdoors"
"Sauna Suits","Sports & Outdoors"
"Tent Repair Kits","Sports & Outdoors"
"Martial Arts Hand Targets & Focus Mitts","Sports & Outdoors"
"Baseball Buckets","Sports & Outdoors"
"Bear Protection","Sports & Outdoors"
"Martial Arts Weapons","Sports & Outdoors"
"Baseball Batting Weights","Sports & Outdoors"
"Hunting Cage Traps","Sports & Outdoors"
"Archery Bowstrings","Sports & Outdoors"
"Fishing Float Tubes","Sports & Outdoors"
"Ice Skimmers","Sports & Outdoors"
"Swimming Ear Plugs","Sports & Outdoors"
"Pilates Fitness Circles","Sports & Outdoors"
"Bicycle Fenders","Sports & Outdoors"
"Gun Slings","Sports & Outdoors"
"Rifles","Sports & Outdoors"
"Gun Barrels","Sports & Outdoors"
"Clinometers","Sports & Outdoors"
"Golf Gloves","Sports & Outdoors"
"Sports Grip Tape","Sports & Outdoors"
"Crossbow Bolts","Sports & Outdoors"
"Lacrosse Rebounders","Sports & Outdoors"
"Horse Fly Masks","Sports & Outdoors"
"Sleeping Bag Compression & Stuff Sacks","Sports & Outdoors"
"Bicycle Cup Holders","Sports & Outdoors"
"Revolvers","Sports & Outdoors"
"Ballet Slippers","Sports & Outdoors"
"Martial Arts Kicking Shields","Sports & Outdoors"
"Bicycle Seatpost Clamps","Sports & Outdoors"
"Other Gymnastics Accessories","Sports & Outdoors"
"Hunting Recoil Pads","Sports & Outdoors"
"Photo Services","Services & Warranties"
"Pest Control Services","Services & Warranties"
"Warranties","Services & Warranties"
"Instant Lottery Tickets","Services & Warranties"
"Birdcages","Pet Supplies"
"Cat Trees","Pet Supplies"
"Pet Kennel & Crate Pads","Pet Supplies"
"Pet Kennels & Crates","Pet Supplies"
"Pet Apparel","Pet Supplies"
"Pet Collars","Pet Supplies"
"Dog Toys","Pet Supplies"
"Pet Bowls","Pet Supplies"
"Dog Waste Bags","Pet Supplies"
"Pet Harnesses","Pet Supplies"
"Dog Treats","Pet Supplies"
"Egg Incubators","Pet Supplies"
"Pet Playpens","Pet Supplies"
"Chicken Coop Accessories","Pet Supplies"
"Pet Sofas & Chairs","Pet Supplies"
"Pet Stairs & Steps","Pet Supplies"
"Pet Beds","Pet Supplies"
"Pet Bicycle Trailers","Pet Supplies"
"Small Animal Exercise Wheels","Pet Supplies"
"Cat Litter Boxes","Pet Supplies"
"Pet Gates","Pet Supplies"
"Pet Training Collars","Pet Supplies"
"Pet Leashes","Pet Supplies"
"Pet Water Fountains","Pet Supplies"
"Pet Memorials","Pet Supplies"
"Chicken Coops","Pet Supplies"
"Pet Shower & Bath Accessories","Pet Supplies"
"Aquarium Water Pumps","Pet Supplies"
"Pet Carriers","Pet Supplies"
"Pet Food Storage","Pet Supplies"
"Pet Grooming Brushes","Pet Supplies"
"Small Animal Habitats & Cages","Pet Supplies"
"Dog Houses","Pet Supplies"
"Bird Toys","Pet Supplies"
"Dog Waste Bag Dispensers","Pet Supplies"
"Other Pet Health Supplies","Pet Supplies"
"Terrarium Habitat Decor","Pet Supplies"
"Pet Radio & Wireless Fences","Pet Supplies"
"Cat Hammocks","Pet Supplies"
"Pet Strollers","Pet Supplies"
"Pet Tie-Outs","Pet Supplies"
"Pooper Scoopers","Pet Supplies"
"Pet Travel Barriers","Pet Supplies"
"Cat Perches","Pet Supplies"
"Other Dog Supplies","Pet Supplies"
"Pet Food Mats","Pet Supplies"
"Aquarium Lights","Pet Supplies"
"Dog Food","Pet Supplies"
"Aquarium Stands","Pet Supplies"
"Terrariums","Pet Supplies"
"Pet Water Bottles","Pet Supplies"
"Pet Ramps","Pet Supplies"
"Pet Recovery Collars & Cones","Pet Supplies"
"Cat Houses","Pet Supplies"
"Pet Training Pads","Pet Supplies"
"Other Pet Grooming Supplies","Pet Supplies"
"Pet Blankets","Pet Supplies"
"Aquarium Air Pumps","Pet Supplies"
"Other Bird Supplies","Pet Supplies"
"Terrarium Habitat Lighting","Pet Supplies"
"Cat Toys","Pet Supplies"
"Other Aquatic Pet Supplies","Pet Supplies"
"Bird Swings","Pet Supplies"
"Other Small Animal Supplies","Pet Supplies"
"Aquarium Parts","Pet Supplies"
"Aquarium Filters","Pet Supplies"
"Feed Scoops","Pet Supplies"
"Pet Booster Seats","Pet Supplies"
"Aquarium & Terrarium Substrate","Pet Supplies"
"Cat Scratching Posts","Pet Supplies"
"Other Reptile & Amphibian Supplies","Pet Supplies"
"Other Pet Feeding & Watering Supplies","Pet Supplies"
"Bird Perches","Pet Supplies"
"Pet Doors","Pet Supplies"
"Pet Bed Covers","Pet Supplies"
"Cat Scratching Pads","Pet Supplies"
"Animal Grooming Electric Clippers","Pet Supplies"
"Aquarium Decor","Pet Supplies"
"Bird Nests & Nesting Material","Pet Supplies"
"Pet Dematting Tools","Pet Supplies"
"Small Animal Tubes & Tunnels","Pet Supplies"
"Bark Control Training Aids","Pet Supplies"
"Pet Muzzles","Pet Supplies"
"Pet Wheelchairs","Pet Supplies"
"Cat Litter Box Liners","Pet Supplies"
"Pet Door Flaps","Pet Supplies"
"Birdcage Stands","Pet Supplies"
"Pet Tie-Out Stakes","Pet Supplies"
"Bird Seed Guards & Catchers","Pet Supplies"
"Pet Kennel & Crate Covers","Pet Supplies"
"Cat Litter Scoops","Pet Supplies"
"Pet Car Seat Covers","Pet Supplies"
"Cat Food","Pet Supplies"
"Pet Flea Combs","Pet Supplies"
"Other Cat Supplies","Pet Supplies"
"Automatic Pet Feeders","Pet Supplies"
"Aquarium Starter Kits","Pet Supplies"
"Aquariums","Pet Supplies"
"Pet ID Tags","Pet Supplies"
"Pet Grooming Baths","Pet Supplies"
"Aquarium Test Kits","Pet Supplies"
"Aquarium Thermometers","Pet Supplies"
"Pet Grooming Dryers","Pet Supplies"
"Aquarium Breeder Tanks","Pet Supplies"
"Pet Hair Removal & Grooming Mitts","Pet Supplies"
"Terrarium Heat Lamps & Mats","Pet Supplies"
"Aquarium Nets","Pet Supplies"
"Pet Flea & Tick Treatments","Pet Supplies"
"Bird Seed Cakes","Pet Supplies"
"Hay Nets","Pet Supplies"
"Animal Acupuncture Models","Pet Supplies"
"Animal Grooming Scissors","Pet Supplies"
"Reptile Food","Pet Supplies"
"Aquarium Water Treatments","Pet Supplies"
"Animal Supplements & Vitamins","Pet Supplies"
"Pet Relaxants","Pet Supplies"
"Pet Eye Care","Pet Supplies"
"Pet Digestive Remedies","Pet Supplies"
"Aquarium Heaters","Pet Supplies"
"Bird Food","Pet Supplies"
"Aquarium Hoods","Pet Supplies"
"Pet Collar Charms","Pet Supplies"
"Cat Litter","Pet Supplies"
"Animal Shampoos","Pet Supplies"
"Aquarium Filter Media","Pet Supplies"
"Small Animal Food","Pet Supplies"
"Aquarium Gravel Cleaners","Pet Supplies"
"Pet Repellents","Pet Supplies"
"Animal Conditioners","Pet Supplies"
"Pet Bedding & Litter","Pet Supplies"
"Small Animal Treats","Pet Supplies"
"Aquarium Cleaning Tools","Pet Supplies"
"Chicken Runs","Pet Supplies"
"Fish Food","Pet Supplies"
"Cat Treats","Pet Supplies"
"Animal Dewormers","Pet Supplies"
"Pet Training Pad Trays","Pet Supplies"
"Pet Milk Replacers","Pet Supplies"
"Pet Colognes","Pet Supplies"
"Pet Itch Remedies","Pet Supplies"
"Pet Deodorizers","Pet Supplies"
"Bird Treats","Pet Supplies"
"Cat Litter Mats","Pet Supplies"
"Pet Claw Care","Pet Supplies"
"Cat Hairball Remedies","Pet Supplies"
"Bird Ladders","Pet Supplies"
"Pet Toothbrushes","Pet Supplies"
"Pet Toothpaste","Pet Supplies"
"Pet Thermometers","Pet Supplies"
"Terrarium Covers","Pet Supplies"
"Pet Slings","Pet Supplies"
"Small Animal Toys","Pet Supplies"
"Pet Ear Care","Pet Supplies"
"Pet Styptic Gels & Powders","Pet Supplies"
"Binder Clips","Office & Stationery"
"Transparency Film","Office & Stationery"
"Greeting Cards","Office & Stationery"
"Desktop Organizers","Office & Stationery"
"Badge Reels","Office & Stationery"
"Pencil Holders","Office & Stationery"
"Bulletin Board Decorations","Office & Stationery"
"Duct Tapes","Office & Stationery"
"Paper Weights","Office & Stationery"
"Whiteboards","Office & Stationery"
"Workstations","Office & Stationery"
"Lanyards","Office & Stationery"
"Ticket Holders","Office & Stationery"
"Bulletin Boards","Office & Stationery"
"Partition Panels","Office & Stationery"
"Pens","Office & Stationery"
"Envelopes","Office & Stationery"
"Adhesive Tapes","Office & Stationery"
"Masking Tapes","Office & Stationery"
"Stretch Film & Shrink Wrap","Office & Stationery"
"Kraft Paper","Office & Stationery"
"Transparent Tapes","Office & Stationery"
"File Folders","Office & Stationery"
"Office Chair Mats","Office & Stationery"
"Attendance Time Clocks","Office & Stationery"
"Easel Flip Charts","Office & Stationery"
"Pencils","Office & Stationery"
"Desk Calendar Refills","Office & Stationery"
"Book Carts","Office & Stationery"
"Mechanical Pencils","Office & Stationery"
"Highlighters","Office & Stationery"
"Sheet Protectors","Office & Stationery"
"Bookmarks","Office & Stationery"
"Sticky Notes","Office & Stationery"
"Paper Trimmers","Office & Stationery"
"Package Cushioning Materials","Office & Stationery"
"Moving Blankets","Office & Stationery"
"Desk Pads","Office & Stationery"
"Video Projectors","Office & Stationery"
"Writing Pads","Office & Stationery"
"Binding Combs, Spines & Bars","Office & Stationery"
"Pocket Folders","Office & Stationery"
"Literature Display Racks & Organizers","Office & Stationery"
"Mailers","Office & Stationery"
"Stationery & Stationery Sets","Office & Stationery"
"Markers","Office & Stationery"
"Binders","Office & Stationery"
"Scissors","Office & Stationery"
"Index Dividers","Office & Stationery"
"Labels","Office & Stationery"
"Planners & Appointment Books","Office & Stationery"
"Shredders","Office & Stationery"
"Pencil Cases","Office & Stationery"
"Label Applicators","Office & Stationery"
"Letter Trays","Office & Stationery"
"Casters","Office & Stationery"
"Packing Tapes","Office & Stationery"
"Ergonomic Backrests","Office & Stationery"
"Writing Notebooks & Sketch Books","Office & Stationery"
"School & Office Paper","Office & Stationery"
"File Organizers","Office & Stationery"
"Index Cards","Office & Stationery"
"Chalkboard Erasers","Office & Stationery"
"Glue","Office & Stationery"
"Badge & ID Holders","Office & Stationery"
"Rulers","Office & Stationery"
"Flash Cards","Office & Stationery"
"Calculators","Office & Stationery"
"Book Covers","Office & Stationery"
"Chalkboards","Office & Stationery"
"Presentation Boards","Office & Stationery"
"Rubber Bands","Office & Stationery"
"Paper Sorters","Office & Stationery"
"Form Holders & Clipboards","Office & Stationery"
"Reception Chairs & Seating","Office & Stationery"
"Office Desk Bridges & Connectors","Office & Stationery"
"Mounting Tapes","Office & Stationery"
"Attendance Time Cards","Office & Stationery"
"Standard Forms & Applications","Office & Stationery"
"Bottled Pen Ink","Office & Stationery"
"Pencil & Pen Erasers","Office & Stationery"
"Photo Paper","Office & Stationery"
"Label Maker Tape","Office & Stationery"
"File Guides","Office & Stationery"
"Laminating Pouches","Office & Stationery"
"Desk Stapler Staples","Office & Stationery"
"Mechanical Pencil Refills","Office & Stationery"
"Poster Boards","Office & Stationery"
"3D Printer Parts","Office & Stationery"
"Card Stock","Office & Stationery"
"Lecterns","Office & Stationery"
"Spray Adhesives","Office & Stationery"
"Label Makers","Office & Stationery"
"Adhesive Tape Dispensers","Office & Stationery"
"Adhesive Removers","Office & Stationery"
"Correction Tape","Office & Stationery"
"Paper Hole Punches","Office & Stationery"
"Manual Letter Openers","Office & Stationery"
"Projector Mounts","Office & Stationery"
"Manual Pencil Sharpeners","Office & Stationery"
"Painter's Tapes","Office & Stationery"
"Printer Labels","Office & Stationery"
"Ergonomic Footrests","Office & Stationery"
"Easel Pads","Office & Stationery"
"Rubber Cement","Office & Stationery"
"Dry Erase Markers","Office & Stationery"
"Postcards","Office & Stationery"
"Projector Screens","Office & Stationery"
"Receipt Paper Rolls","Office & Stationery"
"Pocket Charts","Office & Stationery"
"Record Books & Ledgers","Office & Stationery"
"Sign Holders","Office & Stationery"
"Desk Calendars","Office & Stationery"
"Incentive Charts","Office & Stationery"
"Tape Flags","Office & Stationery"
"Math Compasses","Office & Stationery"
"Blank Identification Badges","Office & Stationery"
"Book Stands","Office & Stationery"
"Label Holders","Office & Stationery"
"Label Printers","Office & Stationery"
"Zipper Binders","Office & Stationery"
"Composition Notebooks","Office & Stationery"
"Laminators","Office & Stationery"
"Banner Stands","Office & Stationery"
"Ink Pen Refills","Office & Stationery"
"Index Tabs","Office & Stationery"
"Stretch Film & Shrink Wrap Dispensers","Office & Stationery"
"Desk Staplers","Office & Stationery"
"Wire & Cable Organizers","Office & Stationery"
"Office Book Rings","Office & Stationery"
"Chair Arms","Office & Stationery"
"Reflective Tapes","Office & Stationery"
"Paper Clips","Office & Stationery"
"Bubble Wrap","Office & Stationery"
"Report Covers","Office & Stationery"
"Podiums","Office & Stationery"
"Packing & Shipping Boxes","Office & Stationery"
"Hall Passes","Office & Stationery"
"Electric Pencil Sharpeners","Office & Stationery"
"Office Boxes","Office & Stationery"
"Wall Calendars","Office & Stationery"
"Filler Paper","Office & Stationery"
"Hook & Loop Fasteners","Office & Stationery"
"Pencil Grips","Office & Stationery"
"Money Deposit Bags","Office & Stationery"
"Mail Carts","Office & Stationery"
"Ticket Rolls","Office & Stationery"
"Business Card Holders","Office & Stationery"
"Mini Projectors","Office & Stationery"
"Presentation Remotes","Office & Stationery"
"Personal Organizers","Office & Stationery"
"Cash Register Drawers & Trays","Office & Stationery"
"Graph Paper","Office & Stationery"
"Desktop Copyholders","Office & Stationery"
"Sidewalk Chalks","Office & Stationery"
"Paper Holders & Dispensers","Office & Stationery"
"Art & Craft Storage Carts","Office & Stationery"
"Blank Diaries & Journals","Office & Stationery"
"Coin Roll Wrappers","Office & Stationery"
"Binding Machines","Office & Stationery"
"Chair Headrests","Office & Stationery"
"Coin Counters, Sorters & Changers","Office & Stationery"
"Staple Removers","Office & Stationery"
"Roll Dispensers & Cutters","Office & Stationery"
"Wall Mount Adhesives","Office & Stationery"
"Finger Moisteners","Office & Stationery"
"Name Plates","Office & Stationery"
"Pins & Tacks","Office & Stationery"
"Lubricating Oil","Office & Stationery"
"Teacher Lesson Books","Office & Stationery"
"Multimedia Projectors","Office & Stationery"
"Envelope & Stamp Moisteners","Office & Stationery"
"Chalkboard Chalk","Office & Stationery"
"Letter Tray Stacking Posts","Office & Stationery"
"Binder Pockets","Office & Stationery"
"Paper Folding Machines","Office & Stationery"
"File & Paper Fasteners","Office & Stationery"
"Shredder Bags","Office & Stationery"
"Math Tool Kits","Office & Stationery"
"Printed Invitations","Office & Stationery"
"Hanging File Folder Frames","Office & Stationery"
"Binder Insert Strips","Office & Stationery"
"Finger Pads","Office & Stationery"
"Presentation Pointers","Office & Stationery"
"Projector Replacement Lamps","Office & Stationery"
"Key Tags","Office & Stationery"
"Office Desk Call Bells","Office & Stationery"
"Tag Fasteners","Office & Stationery"
"Cash Boxes","Office & Stationery"
"Other Projector Accessories","Office & Stationery"
"Typewriters","Office & Stationery"
"3D Printer Pens","Office & Stationery"
"Prayer Cards","Office & Stationery"
"Calculator Accessories","Office & Stationery"
"Writing Pad Holders","Office & Stationery"
"Tag Attacher Guns","Office & Stationery"
"Protractors","Office & Stationery"
"Laser Pointers","Office & Stationery"
"Receipt Printers","Office & Stationery"
"Projector & Tripod Skirts","Office & Stationery"
"Correction Fluid","Office & Stationery"
"Postage Stamps","Office & Stationery"
"Desk Calendar Bases","Office & Stationery"
"Calculator Stands","Office & Stationery"
"Strapping Tapes","Office & Stationery"
"Projector Screen Stands","Office & Stationery"
"Glue Pens","Office & Stationery"
"Pencil Boxes","Office & Stationery"
"Electronic White Boards","Office & Stationery"
"Bill Counters","Office & Stationery"
"3D Printers","Office & Stationery"
"3D Printer Filaments","Office & Stationery"
"Counterfeit Bill Detectors","Office & Stationery"
"Bell Glides & Protection Guides","Office & Stationery"
"Index Tab Inserts","Office & Stationery"
"Personal Organizer Refills & Accessories","Office & Stationery"
"Note Cards","Office & Stationery"
"Planners & Appointment Book Refills","Office & Stationery"
"Address Books","Office & Stationery"
"Cash Registers","Office & Stationery"
"Tape Runners","Office & Stationery"
"Drafting Tapes","Office & Stationery"
"Counterfeit Bill Detector Pens","Office & Stationery"
"Electric Erasers","Office & Stationery"
"Typewriter Ribbons","Office & Stationery"
"Shredder Oil","Office & Stationery"
"Rotary File Cards","Office & Stationery"
"Markers & Highlighters","Office & Stationery"
"Drum Replacement Parts","Musical Instruments & Pro Audio"
"Hand Percussion Bells & Chimes","Musical Instruments & Pro Audio"
"Capos","Musical Instruments & Pro Audio"
"Microphone Stands & Booms","Musical Instruments & Pro Audio"
"Musical Instrument Stands","Musical Instruments & Pro Audio"
"Microphones","Musical Instruments & Pro Audio"
"Musical Instrument Cases","Musical Instruments & Pro Audio"
"Classical Guitars","Musical Instruments & Pro Audio"
"Subwoofers","Musical Instruments & Pro Audio"
"Loudspeakers","Musical Instruments & Pro Audio"
"Instrument Cables","Musical Instruments & Pro Audio"
"Karaoke Machines","Musical Instruments & Pro Audio"
"Gaffer Tape","Musical Instruments & Pro Audio"
"Guitar Slides","Musical Instruments & Pro Audio"
"Effects Pedal Boards","Musical Instruments & Pro Audio"
"Musical Instrument Covers","Musical Instruments & Pro Audio"
"Guitar Replacement Parts","Musical Instruments & Pro Audio"
"Drum Triggers","Musical Instruments & Pro Audio"
"Tuning Forks","Musical Instruments & Pro Audio"
"PA Systems","Musical Instruments & Pro Audio"
"Microphone Windshields","Musical Instruments & Pro Audio"
"Audio Studio Racks","Musical Instruments & Pro Audio"
"Instrument Cleaning Rods","Musical Instruments & Pro Audio"
"Acoustic Guitars","Musical Instruments & Pro Audio"
"Loudspeaker Cabinets","Musical Instruments & Pro Audio"
"Effects Processors","Musical Instruments & Pro Audio"
"Pan Drums","Musical Instruments & Pro Audio"
"DJ Controllers","Musical Instruments & Pro Audio"
"DJ CD Players","Musical Instruments & Pro Audio"
"Electric Guitars","Musical Instruments & Pro Audio"
"Audio Mixers","Musical Instruments & Pro Audio"
"Congas","Musical Instruments & Pro Audio"
"Microphone Cables","Musical Instruments & Pro Audio"
"Power Adapters","Musical Instruments & Pro Audio"
"Electronic Pianos","Musical Instruments & Pro Audio"
"Ukuleles","Musical Instruments & Pro Audio"
"Line Switch Boxes","Musical Instruments & Pro Audio"
"DJ Mixers","Musical Instruments & Pro Audio"
"Patch Cables","Musical Instruments & Pro Audio"
"Maracas","Musical Instruments & Pro Audio"
"Drum Set Cymbals","Musical Instruments & Pro Audio"
"Rosin","Musical Instruments & Pro Audio"
"Microphone Mixers","Musical Instruments & Pro Audio"
"Pro Audio Speaker Stands","Musical Instruments & Pro Audio"
"Violins","Musical Instruments & Pro Audio"
"Music Stands","Musical Instruments & Pro Audio"
"Bongos","Musical Instruments & Pro Audio"
"Percussion Mounts","Musical Instruments & Pro Audio"
"Instrument Power Amplifiers","Musical Instruments & Pro Audio"
"Percussion Drumsticks","Musical Instruments & Pro Audio"
"Musical Instrument Straps","Musical Instruments & Pro Audio"
"Tone Generators","Musical Instruments & Pro Audio"
"Brass Instrument Mutes","Musical Instruments & Pro Audio"
"Stage Monitors","Musical Instruments & Pro Audio"
"Microphone Cases","Musical Instruments & Pro Audio"
"Mirror Balls","Musical Instruments & Pro Audio"
"Music Performance Benches & Stools","Musical Instruments & Pro Audio"
"Alto Horns","Musical Instruments & Pro Audio"
"Audio Direct Boxes","Musical Instruments & Pro Audio"
"Gongs","Musical Instruments & Pro Audio"
"Microphone Pop Filters","Musical Instruments & Pro Audio"
"Pianos","Musical Instruments & Pro Audio"
"Tambourines","Musical Instruments & Pro Audio"
"Cassette Tape Recorders","Musical Instruments & Pro Audio"
"Snare Drums","Musical Instruments & Pro Audio"
"Drum Sets","Musical Instruments & Pro Audio"
"Musical Instrument Tuners","Musical Instruments & Pro Audio"
"Guitar Effects Pedals","Musical Instruments & Pro Audio"
"Timbales","Musical Instruments & Pro Audio"
"Woodwind Instrument Replacement Parts","Musical Instruments & Pro Audio"
"Stringed Instrument Strings","Musical Instruments & Pro Audio"
"Woodwind Reeds","Musical Instruments & Pro Audio"
"Amplifier Heads","Musical Instruments & Pro Audio"
"Bass Drum Pedals","Musical Instruments & Pro Audio"
"Musical Instrument Humidifiers","Musical Instruments & Pro Audio"
"Instrument Amplifier Cabinets","Musical Instruments & Pro Audio"
"Kalimbas","Musical Instruments & Pro Audio"
"Patch Bays","Musical Instruments & Pro Audio"
"Djembe Drums","Musical Instruments & Pro Audio"
"Trumpets","Musical Instruments & Pro Audio"
"Musical Shakers","Musical Instruments & Pro Audio"
"Acoustic Bass Guitars","Musical Instruments & Pro Audio"
"Percussion Impact Pads","Musical Instruments & Pro Audio"
"Multitrack Audio Recorders","Musical Instruments & Pro Audio"
"Fretting Tools","Musical Instruments & Pro Audio"
"Guitar Picks","Musical Instruments & Pro Audio"
"Musical Triangles","Musical Instruments & Pro Audio"
"Keyboard Instrument Replacement Parts","Musical Instruments & Pro Audio"
"Percussion Brushes","Musical Instruments & Pro Audio"
"Guitar Pickups","Musical Instruments & Pro Audio"
"Cabasas","Musical Instruments & Pro Audio"
"Udu Drums","Musical Instruments & Pro Audio"
"Audio Crossovers","Musical Instruments & Pro Audio"
"Cajons","Musical Instruments & Pro Audio"
"Brass Instrument Replacement Parts","Musical Instruments & Pro Audio"
"Castanets","Musical Instruments & Pro Audio"
"Volume Controllers","Musical Instruments & Pro Audio"
"DVD Duplicators","Musical Instruments & Pro Audio"
"CD Recorders","Musical Instruments & Pro Audio"
"Percussion Mallets","Musical Instruments & Pro Audio"
"Stringed Instrument Replacement Parts","Musical Instruments & Pro Audio"
"Saxophones","Musical Instruments & Pro Audio"
"Banjos","Musical Instruments & Pro Audio"
"Rhythm Sticks","Musical Instruments & Pro Audio"
"Bass Drums","Musical Instruments & Pro Audio"
"Bata Drums","Musical Instruments & Pro Audio"
"Musical Instrument Grease","Musical Instruments & Pro Audio"
"Electric Bass Guitars","Musical Instruments & Pro Audio"
"Tom-Tom Drums","Musical Instruments & Pro Audio"
"Sound Pressure Level Meters","Musical Instruments & Pro Audio"
"MIDI Interfaces","Musical Instruments & Pro Audio"
"Recorders","Musical Instruments & Pro Audio"
"Temple Blocks","Musical Instruments & Pro Audio"
"Sand Blocks","Musical Instruments & Pro Audio"
"Acoustic Dampers","Musical Instruments & Pro Audio"
"Trombones","Musical Instruments & Pro Audio"
"Percussion Jam Blocks","Musical Instruments & Pro Audio"
"Musical Whistles","Musical Instruments & Pro Audio"
"Musical Instrument Mouthpieces","Musical Instruments & Pro Audio"
"Audio Dimmer Switches","Musical Instruments & Pro Audio"
"Mandolins","Musical Instruments & Pro Audio"
"Audio Compressors","Musical Instruments & Pro Audio"
"Claves","Musical Instruments & Pro Audio"
"Conductor's Batons","Musical Instruments & Pro Audio"
"Violas","Musical Instruments & Pro Audio"
"Sound Diffusors","Musical Instruments & Pro Audio"
"Musical Bows","Musical Instruments & Pro Audio"
"Musical Instrument Chinrests","Musical Instruments & Pro Audio"
"Musical Instrument Knobs","Musical Instruments & Pro Audio"
"Clarinets","Musical Instruments & Pro Audio"
"Drum Mufflers","Musical Instruments & Pro Audio"
"Audio Loop Controllers","Musical Instruments & Pro Audio"
"Harmonicas","Musical Instruments & Pro Audio"
"Bugles","Musical Instruments & Pro Audio"
"Xylophones","Musical Instruments & Pro Audio"
"Marching Percussion Accessories","Musical Instruments & Pro Audio"
"Vibraslaps","Musical Instruments & Pro Audio"
"Instrument Preamplifiers","Musical Instruments & Pro Audio"
"Bagpipes","Musical Instruments & Pro Audio"
"Didgeridoos","Musical Instruments & Pro Audio"
"Bodhrans","Musical Instruments & Pro Audio"
"Glockenspiels","Musical Instruments & Pro Audio"
"Harps","Musical Instruments & Pro Audio"
"Metronomes","Musical Instruments & Pro Audio"
"Guiros","Musical Instruments & Pro Audio"
"MIDI Pedalboards","Musical Instruments & Pro Audio"
"Woodwind Reed Trimmers","Musical Instruments & Pro Audio"
"Harmoniums","Musical Instruments & Pro Audio"
"Musical Spoons","Musical Instruments & Pro Audio"
"Flutes","Musical Instruments & Pro Audio"
"Cellos","Musical Instruments & Pro Audio"
"Repinique Drums","Musical Instruments & Pro Audio"
"Doumbeks","Musical Instruments & Pro Audio"
"Kazoos","Musical Instruments & Pro Audio"
"Talking Drums","Musical Instruments & Pro Audio"
"Mellophones","Musical Instruments & Pro Audio"
"MIDI Adapters","Musical Instruments & Pro Audio"
"Percussion Clappers","Musical Instruments & Pro Audio"
"Jaw Harps","Musical Instruments & Pro Audio"
"Melodicas","Musical Instruments & Pro Audio"
"Electronic Drums","Musical Instruments & Pro Audio"
"Bell Trees","Musical Instruments & Pro Audio"
"Percussion Woodblocks","Musical Instruments & Pro Audio"
"Baritone Horns","Musical Instruments & Pro Audio"
"Tone Blocks","Musical Instruments & Pro Audio"
"Autoharps","Musical Instruments & Pro Audio"
"Wristwatches","Jewelry, Gems & Watches"
"Cufflinks","Jewelry, Gems & Watches"
"Rings","Jewelry, Gems & Watches"
"Loose Beads","Jewelry, Gems & Watches"
"Necklace Pendants","Jewelry, Gems & Watches"
"Necklaces","Jewelry, Gems & Watches"
"Bracelets","Jewelry, Gems & Watches"
"Jewelry Cleaning Machines","Jewelry, Gems & Watches"
"Jewelry Boxes","Jewelry, Gems & Watches"
"Pins & Brooches","Jewelry, Gems & Watches"
"Loose Gemstones","Jewelry, Gems & Watches"
"Earrings","Jewelry, Gems & Watches"
"Wedding Rings","Jewelry, Gems & Watches"
"Novelty Charms","Jewelry, Gems & Watches"
"Wristwatch Bands","Jewelry, Gems & Watches"
"Bracelet Charms","Jewelry, Gems & Watches"
"Gem Scales","Jewelry, Gems & Watches"
"Watch Boxes & Cases","Jewelry, Gems & Watches"
"Jewelry Holders & Organizers","Jewelry, Gems & Watches"
"Ring Sizers","Jewelry, Gems & Watches"
"Rosaries & Prayer Beads","Jewelry, Gems & Watches"
"Watch Repair Tools & Kits","Jewelry, Gems & Watches"
"Pocket Watches","Jewelry, Gems & Watches"
"Watch Parts & Kits","Jewelry, Gems & Watches"
"Tie Pins","Jewelry, Gems & Watches"
"Watch Bezels","Jewelry, Gems & Watches"
"Jewelry Cleaner","Jewelry, Gems & Watches"
"Body Piercing Jewelry","Jewelry, Gems & Watches"
"Watch Crystals","Jewelry, Gems & Watches"
"Jewelry Displays","Jewelry, Gems & Watches"
"Mixed Piece Jewelry Sets","Jewelry, Gems & Watches"
"Adhesive Body Art","Jewelry, Gems & Watches"
"Anklets","Jewelry, Gems & Watches"
"Watch Winders","Jewelry, Gems & Watches"
"Ring Settings","Jewelry, Gems & Watches"
"Engagement Rings","Jewelry, Gems & Watches"
"Jewelry Polishing Cloths","Jewelry, Gems & Watches"
"Beds","Home & Garden"
"Decorative Bowls","Home & Garden"
"Living Room Furniture Sets","Home & Garden"
"Armchairs & Accent Chairs","Home & Garden"
"Coffee Tables","Home & Garden"
"Bedroom Furniture Sets","Home & Garden"
"Cabinets","Home & Garden"
"Dining Furniture Sets","Home & Garden"
"Recliners","Home & Garden"
"Rocking Chairs","Home & Garden"
"Light Bulbs","Home & Garden"
"Cooking Ranges","Home & Garden"
"Table Lamps","Home & Garden"
"Figurines & Knick-Knacks","Home & Garden"
"Curtains & Valances","Home & Garden"
"Window Shades","Home & Garden"
"Curtain Rods & Rod Sets","Home & Garden"
"Dining Chairs","Home & Garden"
"Dressers","Home & Garden"
"Mirrors","Home & Garden"
"Bunk Beds","Home & Garden"
"Bed Headboards & Footboards","Home & Garden"
"Loveseats","Home & Garden"
"Sofas & Couches","Home & Garden"
"Sectional Sofas","Home & Garden"
"Curio & Display Cabinets","Home & Garden"
"Dining Tables","Home & Garden"
"End Tables","Home & Garden"
"Living Room Table Sets","Home & Garden"
"Console Tables","Home & Garden"
"Indoor Fireplaces","Home & Garden"
"Television Stands","Home & Garden"
"Desks","Home & Garden"
"Benches","Home & Garden"
"Shoe Racks","Home & Garden"
"Bookcases","Home & Garden"
"Cardboard Stand-Ups","Home & Garden"
"Yard Signs","Home & Garden"
"Plant Hangers","Home & Garden"
"Ornaments","Home & Garden"
"Advent Calendars","Home & Garden"
"Drain Stoppers","Home & Garden"
"Electric Household Fans","Home & Garden"
"Range Hoods","Home & Garden"
"Space Heaters","Home & Garden"
"Air Conditioners","Home & Garden"
"Outdoor Conversation Sets","Home & Garden"
"Vanity Tables & Table & Bench Sets","Home & Garden"
"Daybeds","Home & Garden"
"Nightstands","Home & Garden"
"Flush Mount Lights","Home & Garden"
"Pendant Lights","Home & Garden"
"Sewing Tables","Home & Garden"
"Wall Sculptures","Home & Garden"
"Laundry Baskets, Sorters & Hampers","Home & Garden"
"Desk Lamps","Home & Garden"
"Toothbrush Holders","Home & Garden"
"Towel Holders","Home & Garden"
"Hanging Organizers","Home & Garden"
"Toilet Paper Holders","Home & Garden"
"Bathroom Tumblers","Home & Garden"
"Awnings","Home & Garden"
"Outdoor Fryers","Home & Garden"
"Party Banners","Home & Garden"
"Napkins","Home & Garden"
"Party Hats","Home & Garden"
"Decoration","Home & Garden"
"Wall Decals & Stickers","Home & Garden"
"Garlands","Home & Garden"
"Party Lanterns & Hanging Pom Poms","Home & Garden"
"Party Supply Sets","Home & Garden"
"Party Favors","Home & Garden"
"Outdoor Decor","Home & Garden"
"Confetti","Home & Garden"
"Decorative Pillows","Home & Garden"
"Seating Cushions","Home & Garden"
"Outdoor Seating Cushions","Home & Garden"
"Futon Pads","Home & Garden"
"Mattresses","Home & Garden"
"Slipcovers","Home & Garden"
"Beer Glasses","Home & Garden"
"Light Sticks","Home & Garden"
"Accent Cabinets","Home & Garden"
"Garden Stools","Home & Garden"
"Bar Stools","Home & Garden"
"Ottomans","Home & Garden"
"Credenzas & Sideboards","Home & Garden"
"Bar Cabinets","Home & Garden"
"Room Dividers & Panel Screens","Home & Garden"
"Floor Lamps","Home & Garden"
"Vases","Home & Garden"
"Track Lighting Rails","Home & Garden"
"Track Lighting Heads","Home & Garden"
"Salt Lamps","Home & Garden"
"Track Lighting Sets","Home & Garden"
"Baskets","Home & Garden"
"Comforters & Duvets","Home & Garden"
"Bedding Sets","Home & Garden"
"Patio Furniture Sets","Home & Garden"
"Desk Chairs","Home & Garden"
"Outdoor Lounge Chairs","Home & Garden"
"Plant Pots & Planters","Home & Garden"
"Outdoor Dining Chair","Home & Garden"
"Towels & Washcloths","Home & Garden"
"Picnic Tables","Home & Garden"
"Fountains","Home & Garden"
"Closet Organizers","Home & Garden"
"Chandeliers","Home & Garden"
"Raised Garden Kits","Home & Garden"
"Outdoor Sectionals","Home & Garden"
"Kitchen Utensil Organizers","Home & Garden"
"Hanging Planters","Home & Garden"
"Garbage Cans & Wastebaskets","Home & Garden"
"Decorative Boxes","Home & Garden"
"Plaques & Signs","Home & Garden"
"Decorative Clocks","Home & Garden"
"Shower Curtains & Liners","Home & Garden"
"Wind Chimes","Home & Garden"
"Garden Statues","Home & Garden"
"Floor Mats & Doormats","Home & Garden"
"Area Rugs","Home & Garden"
"Replacement Water Filters","Home & Garden"
"Pantry Cabinets","Home & Garden"
"Kitchen Serving Carts","Home & Garden"
"Floating Shelves","Home & Garden"
"Folding & Stacking Chairs","Home & Garden"
"Pub Tables","Home & Garden"
"Kitchen Islands","Home & Garden"
"Outdoor Bistro Sets","Home & Garden"
"Outdoor Flags & Banners","Home & Garden"
"Drink Sleeves","Home & Garden"
"Pot Holders","Home & Garden"
"Lawn Mower Blades","Home & Garden"
"Coasters","Home & Garden"
"Kitchen Towels","Home & Garden"
"Pillowcases","Home & Garden"
"Christmas Stockings","Home & Garden"
"Oven Mitts","Home & Garden"
"Wall Pediments","Home & Garden"
"Table Place Mats","Home & Garden"
"Counter & Drying Mats","Home & Garden"
"Cloth Napkins","Home & Garden"
"Outdoor Spa Accessories","Home & Garden"
"Recessed Lights","Home & Garden"
"Watering Nozzles","Home & Garden"
"Finials","Home & Garden"
"Ventilation Fans","Home & Garden"
"File Cabinets, Boxes & Carts","Home & Garden"
"Decorative Pillow Covers","Home & Garden"
"Lazy Susans","Home & Garden"
"Throws","Home & Garden"
"Outdoor Lamps","Home & Garden"
"Sconces","Home & Garden"
"Stools","Home & Garden"
"Ceiling Medallions","Home & Garden"
"Bathroom Vanities","Home & Garden"
"Pressure Washer Attachments","Home & Garden"
"All Purpose Cleaners","Home & Garden"
"Flashlights","Home & Garden"
"Switch & Outlet Plates","Home & Garden"
"Vanity Lights","Home & Garden"
"Landscape & Walkway Lights","Home & Garden"
"Cups & Mugs","Home & Garden"
"Appliance Hoses","Home & Garden"
"Plant Covers","Home & Garden"
"Ice Cube Molds & Trays","Home & Garden"
"Garbage Bags","Home & Garden"
"Clothes Drying Racks","Home & Garden"
"Cleaning Sponges & Scrubbing Pads","Home & Garden"
"Skillets & Frying Pans","Home & Garden"
"Coffee Decanters","Home & Garden"
"Drip Coffee Makers","Home & Garden"
"String Trimmer Lines","Home & Garden"
"Drip Irrigation Kits","Home & Garden"
"Lawn Mower Parts","Home & Garden"
"Pest Bait, Traps & Killers","Home & Garden"
"Herbicides","Home & Garden"
"Rain Barrels","Home & Garden"
"Lawn Sprinklers","Home & Garden"
"Plant Stands & Racks","Home & Garden"
"Cleaning Cloths & Wipes","Home & Garden"
"Christmas Trees","Home & Garden"
"Other Lighting Accessories","Home & Garden"
"Holiday Lighting","Home & Garden"
"Chopsticks","Home & Garden"
"Piggy Banks & Money Jars","Home & Garden"
"Freezers","Home & Garden"
"Cooktops","Home & Garden"
"Refrigerators","Home & Garden"
"Outdoor Rugs","Home & Garden"
"Pergolas","Home & Garden"
"Gazebos","Home & Garden"
"Coat & Hat Racks","Home & Garden"
"Patio Umbrella Bases","Home & Garden"
"Bed Frames","Home & Garden"
"Bed Sheets","Home & Garden"
"Runner Rugs","Home & Garden"
"Bar Sets","Home & Garden"
"Deck Boxes","Home & Garden"
"Pool Tables","Home & Garden"
"Storage Lockers","Home & Garden"
"Hanging Chairs","Home & Garden"
"Garden Bridges","Home & Garden"
"Futon Frames & Sets","Home & Garden"
"Outdoor Chaise Lounges","Home & Garden"
"Clothes Dryers","Home & Garden"
"Entertainment Centers","Home & Garden"
"Adirondack Chairs","Home & Garden"
"Disposable Storage Bags","Home & Garden"
"Kitchen Storage Carts","Home & Garden"
"Shelves & Shelf Units","Home & Garden"
"Clothes Hangers","Home & Garden"
"Saunas","Home & Garden"
"Video Game Chairs","Home & Garden"
"Bed Pillows","Home & Garden"
"Bean Bag Chairs","Home & Garden"
"Wall Planters","Home & Garden"
"Flood & Security Lights","Home & Garden"
"Storage Chests & Boxes","Home & Garden"
"Shower Curtain Rods","Home & Garden"
"Tablecloths","Home & Garden"
"Fire Pits","Home & Garden"
"Utility Carts","Home & Garden"
"Poly Bags","Home & Garden"
"Lamp Shades","Home & Garden"
"Rug Pads","Home & Garden"
"Outdoor Dining Tables","Home & Garden"
"Outdoor Bar Stools","Home & Garden"
"Outdoor Sofas","Home & Garden"
"Stage Lights","Home & Garden"
"Wreaths","Home & Garden"
"Artificial Flowers","Home & Garden"
"Artificial Plants","Home & Garden"
"Artificial Trees","Home & Garden"
"Other Household Appliance Accessories","Home & Garden"
"Picnic Baskets & Bags","Home & Garden"
"Bars","Home & Garden"
"Outdoor Panel Privacy Screens","Home & Garden"
"Patio Furniture Covers","Home & Garden"
"Mailboxes","Home & Garden"
"Activity Tables","Home & Garden"
"Food Storage Jars & Containers","Home & Garden"
"Picture Frames","Home & Garden"
"Wall Charts","Home & Garden"
"Squeegees","Home & Garden"
"Folding Tables","Home & Garden"
"Candle Holders","Home & Garden"
"Poufs","Home & Garden"
"Baker's Racks","Home & Garden"
"Outdoor Lamp Posts","Home & Garden"
"Mailbox Posts","Home & Garden"
"Evaporative Air Coolers","Home & Garden"
"General Purpose Tables","Home & Garden"
"Cutting Boards & Butcher Blocks","Home & Garden"
"Bath Rugs","Home & Garden"
"Candles","Home & Garden"
"Pond Filtration Supplies","Home & Garden"
"Glassware & Drinkware","Home & Garden"
"Grill Stands & Carts","Home & Garden"
"Fire Pit Spark Screens","Home & Garden"
"Frozen Drink Makers","Home & Garden"
"Coffee Grinders","Home & Garden"
"De-Icing Mats","Home & Garden"
"Electric Waffle Makers","Home & Garden"
"Charcoal Grills","Home & Garden"
"Chafing Dishes","Home & Garden"
"Food Thermometers","Home & Garden"
"Yard Inflatables","Home & Garden"
"Artificial Topiaries","Home & Garden"
"Light Ropes & Strings","Home & Garden"
"Garden Stakes","Home & Garden"
"Preframed Window & Door Screens","Home & Garden"
"Storage Sheds","Home & Garden"
"Wine Racks","Home & Garden"
"Composting Bins","Home & Garden"
"Outdoor Benches","Home & Garden"
"Greenhouses","Home & Garden"
"Patio Bar Tables","Home & Garden"
"Planter Boxes","Home & Garden"
"Outdoor Canopies","Home & Garden"
"Shoe Cabinets","Home & Garden"
"Bathtub & Shower Organizers","Home & Garden"
"Beach Chairs","Home & Garden"
"Sun Shades","Home & Garden"
"Outdoor Daybeds","Home & Garden"
"Gardening Tool & Accessory Sets","Home & Garden"
"Window Blinds","Home & Garden"
"Bird Feeders","Home & Garden"
"Tableware Plates","Home & Garden"
"Serving Bowls","Home & Garden"
"Tableware Bowls","Home & Garden"
"TV Trays","Home & Garden"
"Air Beds","Home & Garden"
"Bench Scales","Home & Garden"
"Matches","Home & Garden"
"Music Boxes","Home & Garden"
"Hand Dryers","Home & Garden"
"Mug Trees & Storage Racks","Home & Garden"
"Geographic Globes","Home & Garden"
"Centerpieces","Home & Garden"
"Popcorn Buckets","Home & Garden"
"Media Storage Cabinets","Home & Garden"
"Settees","Home & Garden"
"Decorative Plates","Home & Garden"
"Planter & Stand Sets","Home & Garden"
"Serving Trays","Home & Garden"
"Decorative Trays","Home & Garden"
"Step Stools","Home & Garden"
"Outdoor Loveseats","Home & Garden"
"Power Generators","Home & Garden"
"Plant Saucers","Home & Garden"
"Twist Ties","Home & Garden"
"Christmas Tree Skirts","Home & Garden"
"Cooking Aprons","Home & Garden"
"Trivets","Home & Garden"
"Mop Heads","Home & Garden"
"Garden Hoses","Home & Garden"
"Cleaning Brushes","Home & Garden"
"Water Pressure Gauges","Home & Garden"
"Magazine Racks & Holders","Home & Garden"
"Swimming Pools","Home & Garden"
"Patio Heaters","Home & Garden"
"Ceiling Lights","Home & Garden"
"Household Cleaners","Home & Garden"
"Trowels","Home & Garden"
"Outdoor Wall Lanterns","Home & Garden"
"Chimney Caps","Home & Garden"
"Toilet Seats","Home & Garden"
"Hose Connectors","Home & Garden"
"Appliance Air Filters","Home & Garden"
"Netting","Home & Garden"
"Electric Deep Fryers","Home & Garden"
"Canning Jars","Home & Garden"
"Ironing Board Covers","Home & Garden"
"Grass Seeds","Home & Garden"
"Garden Shepherds Hooks","Home & Garden"
"Hand Pruners & Loppers","Home & Garden"
"Marinade Injectors","Home & Garden"
"Grilling Side Burners","Home & Garden"
"Incense","Home & Garden"
"Nativity Scenes","Home & Garden"
"Patio Umbrellas","Home & Garden"
"Porch Swings","Home & Garden"
"Neck Pillows","Home & Garden"
"Mattress Encasements","Home & Garden"
"Pillow Shams","Home & Garden"
"Conference Room Tables","Home & Garden"
"Quilts","Home & Garden"
"Arbors","Home & Garden"
"Disposable Knives","Home & Garden"
"Wet/Dry Vacuum Cleaners","Home & Garden"
"Floor Polishing Machine Replacement Pads","Home & Garden"
"Safes","Home & Garden"
"Coat Hooks","Home & Garden"
"Garage Cabinets","Home & Garden"
"Condiment Servers","Home & Garden"
"Drain Catches","Home & Garden"
"Table Runners","Home & Garden"
"Chair Sashes","Home & Garden"
"Chaises","Home & Garden"
"Tractor Attachments","Home & Garden"
"Air Fryers","Home & Garden"
"Flameless Candles","Home & Garden"
"Countertop Burners","Home & Garden"
"Dishwasher Detergents","Home & Garden"
"Fireplace Screens","Home & Garden"
"Hall Trees","Home & Garden"
"Table Place Card Holders","Home & Garden"
"Food Warmers","Home & Garden"
"Pizza Makers","Home & Garden"
"Sausage Stuffers & Stuffing Kits","Home & Garden"
"Grill Grids & Racks","Home & Garden"
"Live Plants","Home & Garden"
"Light Bulb Sockets & Extenders","Home & Garden"
"Window Film","Home & Garden"
"Artificial Turf","Home & Garden"
"Outdoor Canopy Sidewalls","Home & Garden"
"Bird Houses","Home & Garden"
"Clothes Racks","Home & Garden"
"Ramekins","Home & Garden"
"Dinner Plates","Home & Garden"
"Serving Platters","Home & Garden"
"Hot Plates","Home & Garden"
"Spice Racks & Organizers","Home & Garden"
"Wine Cabinets","Home & Garden"
"Loft Beds","Home & Garden"
"Through-the-Wall Air Conditioner Sleeve Kits","Home & Garden"
"Door Chimes & Bells","Home & Garden"
"Lamp Sets","Home & Garden"
"Party Streamers","Home & Garden"
"Cake Toppers","Home & Garden"
"Other Party Supplies","Home & Garden"
"Photo Props","Home & Garden"
"Party Glasses","Home & Garden"
"Decorative Wall Panels","Home & Garden"
"Decorative Bottles","Home & Garden"
"Kitchen Mats","Home & Garden"
"Storage Crates","Home & Garden"
"Whole House Water Filters","Home & Garden"
"Beach Tents","Home & Garden"
"Grill Tool Sets","Home & Garden"
"Flatware Sets","Home & Garden"
"Tableware Sets","Home & Garden"
"Air Fresheners","Home & Garden"
"Kitchen Cleaners","Home & Garden"
"Bathroom Cleaners","Home & Garden"
"Light Timers","Home & Garden"
"High Bay Light Fixtures","Home & Garden"
"Light Dimmers & Switches","Home & Garden"
"Toilet Plungers","Home & Garden"
"Drain Openers","Home & Garden"
"Air Conditioner Covers","Home & Garden"
"Rod Couplers","Home & Garden"
"Funnels & Funnel Sets","Home & Garden"
"Clothes Lines","Home & Garden"
"Drip Irrigation Fittings","Home & Garden"
"Fertilizers","Home & Garden"
"Axes","Home & Garden"
"Plastic Cups","Home & Garden"
"Quilt Racks & Blanket Holders","Home & Garden"
"Decorative Nutcrackers","Home & Garden"
"Pool Covers","Home & Garden"
"Game & Card Tables","Home & Garden"
"Organizing Racks","Home & Garden"
"Desk Risers","Home & Garden"
"Tumblers","Home & Garden"
"Soap Dishes & Holders","Home & Garden"
"Soap & Lotion Dispensers","Home & Garden"
"Table Skirts","Home & Garden"
"Headlamps","Home & Garden"
"Lump Charcoals","Home & Garden"
"Appliance Control Boards","Home & Garden"
"Hard-Sided Coolers","Home & Garden"
"Bedding Fasteners","Home & Garden"
"Refrigerator Accessories","Home & Garden"
"Stain Remover","Home & Garden"
"Electric Juicers","Home & Garden"
"Bedspreads & Coverlets","Home & Garden"
"Ice Makers","Home & Garden"
"Curtain Rings","Home & Garden"
"Weather Thermometers","Home & Garden"
"Disposable Forks","Home & Garden"
"Electric Hot Pots","Home & Garden"
"Medicine Cabinets","Home & Garden"
"Warming Drawers","Home & Garden"
"Stand Mixers","Home & Garden"
"Lawn & Garden Sprayers","Home & Garden"
"Range Backguards","Home & Garden"
"Hammock Chairs","Home & Garden"
"Outdoor Glider Chairs","Home & Garden"
"Bat Shelters","Home & Garden"
"Salad Plates","Home & Garden"
"Baking Dishes & Casseroles","Home & Garden"
"Facial Tissue Covers","Home & Garden"
"Dishwashers","Home & Garden"
"Outdoor Chat Sets","Home & Garden"
"Steam Mops","Home & Garden"
"Ice Chest Water Coolers","Home & Garden"
"Floor Clocks","Home & Garden"
"China Cabinets & Hutches","Home & Garden"
"Grow Bags","Home & Garden"
"Wall Lights","Home & Garden"
"Pool Toys & Floats","Home & Garden"
"Pet Stain Remover","Home & Garden"
"Wedge Pillows","Home & Garden"
"Laundry Detergents","Home & Garden"
"Brooms","Home & Garden"
"Emergency Lighting","Home & Garden"
"Other Fireplaces Accessories","Home & Garden"
"Log Carriers","Home & Garden"
"Under-Sink & Countertop Filtration Systems","Home & Garden"
"Salt & Pepper Shakers","Home & Garden"
"Manual Can Openers","Home & Garden"
"Baking Sifters","Home & Garden"
"Cleaning Gloves","Home & Garden"
"Wheelbarrows","Home & Garden"
"Grilling Skewers","Home & Garden"
"Outdoor Gas Grills","Home & Garden"
"Hummingbird Nectar","Home & Garden"
"Pool Skimmers","Home & Garden"
"Paper Cups","Home & Garden"
"Bed Blankets","Home & Garden"
"Vacuum Cleaner Bags","Home & Garden"
"Bathroom Linen & Accessory Sets","Home & Garden"
"Pot & Pan Lids","Home & Garden"
"Hose Reels","Home & Garden"
"Inverter Generators","Home & Garden"
"Mattress Pads","Home & Garden"
"Solar Panels","Home & Garden"
"Bookends","Home & Garden"
"Shaved Ice Makers","Home & Garden"
"Washer & Dryer Accessories","Home & Garden"
"Cooking Spoons","Home & Garden"
"Curtain Holdbacks","Home & Garden"
"Grill Covers","Home & Garden"
"Novelty Lighting","Home & Garden"
"Incense Burners & Holders","Home & Garden"
"Drafting Tables","Home & Garden"
"Electric Rice Cookers","Home & Garden"
"Bottle Openers","Home & Garden"
"Drinkware Sets","Home & Garden"
"Potpourri","Home & Garden"
"Armoires","Home & Garden"
"Ice Cream Makers","Home & Garden"
"Pizza Ovens","Home & Garden"
"Electric Rotisseries & Roasters","Home & Garden"
"Cooling Racks","Home & Garden"
"Beach Umbrellas","Home & Garden"
"Dehumidifiers","Home & Garden"
"Other Bedding & Bedroom Accessories","Home & Garden"
"Balloon Weights","Home & Garden"
"Hide Rugs","Home & Garden"
"Toasters","Home & Garden"
"Food Storage Canisters","Home & Garden"
"Shower Curtain Rings","Home & Garden"
"Wind Sculptures & Spinners","Home & Garden"
"Evaporative Air Cooler Parts","Home & Garden"
"Canning Kits","Home & Garden"
"Canning Jar Lids & Rings","Home & Garden"
"Electronic Insect Killers","Home & Garden"
"Outdoor Electric Grills","Home & Garden"
"Decorative Stones","Home & Garden"
"Bathtub Mats","Home & Garden"
"Office Hutches","Home & Garden"
"Paper Towels","Home & Garden"
"Mattress Toppers","Home & Garden"
"Stand Mixer Attachments","Home & Garden"
"Ceiling Fan Lighting Kits","Home & Garden"
"Toilet Lid & Tank Covers","Home & Garden"
"Outdoor Bistro Tables","Home & Garden"
"Easter Eggs","Home & Garden"
"Hand Mixers","Home & Garden"
"Strip Light Fixtures","Home & Garden"
"Washing Machines","Home & Garden"
"Electric Food Slicers","Home & Garden"
"Beverage Tubs","Home & Garden"
"Electric Popcorn Poppers","Home & Garden"
"Quesadilla Makers","Home & Garden"
"Outdoor Hanging Lanterns","Home & Garden"
"Woks","Home & Garden"
"Humidifiers","Home & Garden"
"Spray Bottles","Home & Garden"
"Kitchen Knives & Cutlery Sets","Home & Garden"
"Air Purifiers","Home & Garden"
"Pond Liners","Home & Garden"
"Deck Lights","Home & Garden"
"Hydroponic Systems","Home & Garden"
"Log Racks & Holders","Home & Garden"
"Patio Umbrella Screens","Home & Garden"
"Other Small Kitchen Appliances","Home & Garden"
"Toilet Brushes & Holders","Home & Garden"
"Dessert Plates","Home & Garden"
"Saucers","Home & Garden"
"Cake Pans","Home & Garden"
"Garbage Disposals","Home & Garden"
"Party Bags","Home & Garden"
"Party Decoration Kits","Home & Garden"
"Jewelry Armoires","Home & Garden"
"Shadow Boxes","Home & Garden"
"Teapots","Home & Garden"
"Drop Cloths","Home & Garden"
"Screen Rolls","Home & Garden"
"Shot Glasses","Home & Garden"
"Soils","Home & Garden"
"Shovels","Home & Garden"
"Pool Chemicals","Home & Garden"
"Smoker Chips","Home & Garden"
"Other Dining Table Accessories","Home & Garden"
"Microwave Ovens","Home & Garden"
"Stained Glass Panels","Home & Garden"
"Outdoor Bird Baths","Home & Garden"
"Electric Blankets","Home & Garden"
"Food Wraps","Home & Garden"
"Pitchers","Home & Garden"
"Champagne Glasses","Home & Garden"
"Travel Mugs","Home & Garden"
"Glider Rocking Chairs","Home & Garden"
"Lamp Bases","Home & Garden"
"Outdoor Griddles","Home & Garden"
"Kamado Grills","Home & Garden"
"Pressure Cookers & Canners","Home & Garden"
"Electric Kettles","Home & Garden"
"Vacuum Cleaner Filters","Home & Garden"
"Wine Glasses","Home & Garden"
"Water Distillers","Home & Garden"
"Overhead Storage Racks","Home & Garden"
"Pool Cover Reels","Home & Garden"
"Food Smokers","Home & Garden"
"Fog Machines","Home & Garden"
"Alarm Clocks","Home & Garden"
"Buckets","Home & Garden"
"Beverage Coolers","Home & Garden"
"Party Noisemakers","Home & Garden"
"Bed Skirts","Home & Garden"
"Fountain, Pond & Pool Pumps","Home & Garden"
"Plant Growing Tents","Home & Garden"
"Stovetop Kettles","Home & Garden"
"Drawer & Shelf Liners","Home & Garden"
"Pool Filter Cartridges","Home & Garden"
"Outdoor Kitchen Serving & Storage Carts","Home & Garden"
"Wine Cellars","Home & Garden"
"Plant Cages","Home & Garden"
"Pot Racks & Cooking Utensil Bars","Home & Garden"
"Garlic Presses","Home & Garden"
"Vacuum Cleaner Attachments","Home & Garden"
"Tableware Forks","Home & Garden"
"Night Lights","Home & Garden"
"Kitchen & Cooking Utensil Sets","Home & Garden"
"Oil Diffusers","Home & Garden"
"Dutch Ovens","Home & Garden"
"Mailbox Covers","Home & Garden"
"Bathroom Canisters & Sets","Home & Garden"
"Hot Dog Machines","Home & Garden"
"Wind Socks","Home & Garden"
"Vacuum Cleaners","Home & Garden"
"Sauna Heaters","Home & Garden"
"Food Dehydrators","Home & Garden"
"Soup & Stockpots","Home & Garden"
"Beverage Dispensers","Home & Garden"
"Other Air Conditioner Accessories","Home & Garden"
"Garden Carts","Home & Garden"
"Napkin Rings","Home & Garden"
"Snow Globes","Home & Garden"
"Hammocks","Home & Garden"
"Garden Rakes","Home & Garden"
"Balloon Holders","Home & Garden"
"Soft-Sided Coolers","Home & Garden"
"Flagpole Brackets & Mounts","Home & Garden"
"Heating Stoves","Home & Garden"
"Weathervanes","Home & Garden"
"CO2 Chargers","Home & Garden"
"Gardening & Hedge Shears","Home & Garden"
"Cake Stands","Home & Garden"
"Butane Torches","Home & Garden"
"Mandolines & Slicers","Home & Garden"
"Roasting Pans & Racks","Home & Garden"
"Snow Removal Rakes & Hand Pushers","Home & Garden"
"Hog Feeders","Home & Garden"
"Drip Irrigation Emitters","Home & Garden"
"Coffee Maker Cleaning Products","Home & Garden"
"Cabinet Organizers","Home & Garden"
"Toilet Paper","Home & Garden"
"Outdoor Glider Benches","Home & Garden"
"Balloons","Home & Garden"
"Chip & Dip Sets","Home & Garden"
"Salad Serving Sets","Home & Garden"
"Doorstops","Home & Garden"
"Portable Work Lights","Home & Garden"
"Fireplace Mantels & Surrounds","Home & Garden"
"Cots","Home & Garden"
"Outdoor Decorative Stones","Home & Garden"
"Range Replacement Heating Elements","Home & Garden"
"Towel Warmers","Home & Garden"
"Steam Cleaners","Home & Garden"
"Augers & Post Hole Diggers","Home & Garden"
"Fence Screens","Home & Garden"
"Paper Towel Holders","Home & Garden"
"Garment Steamers","Home & Garden"
"Pool Ladders","Home & Garden"
"Thermoses","Home & Garden"
"Rodent Traps","Home & Garden"
"Patio Umbrella Lights","Home & Garden"
"Furniture Risers","Home & Garden"
"Pool Hoses","Home & Garden"
"Vent Air Deflectors","Home & Garden"
"Measuring Cups","Home & Garden"
"Coffee Percolators","Home & Garden"
"Griddles & Grill Pans","Home & Garden"
"Trellises","Home & Garden"
"Plant Germination Trays & Kits","Home & Garden"
"Kitchen Scoops","Home & Garden"
"Other Household Appliance Replacement Parts","Home & Garden"
"Grill Drip Pans","Home & Garden"
"Riding Lawn Mowers","Home & Garden"
"Fireplace Grates","Home & Garden"
"Bee Houses","Home & Garden"
"Ice Buckets","Home & Garden"
"Manual Lawn Aerators","Home & Garden"
"Speaker Stands","Home & Garden"
"Fish Poachers & Bakers","Home & Garden"
"Bird Feeder Domes & Baffles","Home & Garden"
"Cookware Sets","Home & Garden"
"Range Hood Filters","Home & Garden"
"Laundry Wash Bags","Home & Garden"
"Neon Signs","Home & Garden"
"Cheese Boards","Home & Garden"
"Spoon Rests","Home & Garden"
"Food Strainers & Colanders","Home & Garden"
"Other Small Kitchen Appliance Accessories","Home & Garden"
"Drinkware Accessories","Home & Garden"
"Drip Irrigation Tubing","Home & Garden"
"Egg & Pancake Rings","Home & Garden"
"Outdoor Stoves","Home & Garden"
"Potting Benches","Home & Garden"
"Sandwich Grills","Home & Garden"
"Urinal Deodorizers","Home & Garden"
"Decorative Balls","Home & Garden"
"Canning Pressure Regulators","Home & Garden"
"Slumber Bags & Nap Mats","Home & Garden"
"Toaster Ovens","Home & Garden"
"Garden Border Edging","Home & Garden"
"Food Choppers","Home & Garden"
"Chainsaw Accessories","Home & Garden"
"Cotton Candy Machines","Home & Garden"
"Pole Saws","Home & Garden"
"Food Grinders & Mills","Home & Garden"
"Christmas Tree Stands","Home & Garden"
"Pool & Underwater Lighting","Home & Garden"
"Furnace Filters","Home & Garden"
"Fruit & Vegetable Pitters","Home & Garden"
"Can Crushers","Home & Garden"
"Knife Blocks & Storage","Home & Garden"
"Moth Protection","Home & Garden"
"Mulches","Home & Garden"
"Manual Weeders","Home & Garden"
"Grill Bags","Home & Garden"
"Grill Wood Pellets","Home & Garden"
"Pasta Makers","Home & Garden"
"Serving Bowl Sets","Home & Garden"
"Other Bathroom Accessories","Home & Garden"
"Kitchen Scales","Home & Garden"
"Coffee & Tea Urns","Home & Garden"
"Cut Flowers","Home & Garden"
"Tabletop Wine Chillers","Home & Garden"
"Gift Baskets & Sets","Home & Garden"
"Ironing Mats","Home & Garden"
"Manual Juicers","Home & Garden"
"Vacuum Sealers","Home & Garden"
"Pressure Washers","Home & Garden"
"Furnaces","Home & Garden"
"Pool Filter Sands","Home & Garden"
"Lint Removers","Home & Garden"
"Disco Lights","Home & Garden"
"Grow Lights","Home & Garden"
"Other Lights & Light Fixtures","Home & Garden"
"Evaporative Air Cooler Covers","Home & Garden"
"Muddlers","Home & Garden"
"Knife Sharpeners","Home & Garden"
"Paper Plates","Home & Garden"
"Clothes Pins","Home & Garden"
"Lawn & Garden Spreaders","Home & Garden"
"Chainsaw Bars","Home & Garden"
"Artificial Greenery Panel","Home & Garden"
"Pool Safety Supplies","Home & Garden"
"Napkin Holders & Dispensers","Home & Garden"
"Laundry Scent Boosters","Home & Garden"
"Outdoor Fireplaces","Home & Garden"
"Curtain Rod Holders","Home & Garden"
"Fire Glass","Home & Garden"
"Glow Necklaces","Home & Garden"
"Dryer Sheets","Home & Garden"
"Dishwasher Accessories","Home & Garden"
"Espresso Machines","Home & Garden"
"Drip Irrigation Stakes","Home & Garden"
"Disposable Cutlery Sets","Home & Garden"
"Window Shutters","Home & Garden"
"Blenders","Home & Garden"
"Slow Cookers","Home & Garden"
"Broom & Mop Handles","Home & Garden"
"Misting Systems","Home & Garden"
"Outdoor Candles","Home & Garden"
"Decanters","Home & Garden"
"Garden Wagons","Home & Garden"
"Tableware Spoons","Home & Garden"
"Cup & Saucer Sets","Home & Garden"
"Splatter Screens","Home & Garden"
"Door Knockers","Home & Garden"
"Fan Blades","Home & Garden"
"Outdoor Equipment Covers","Home & Garden"
"Surface Cleaning Scrapers","Home & Garden"
"Refrigerator Water Filters","Home & Garden"
"Straws","Home & Garden"
"Pot & Pan Handles","Home & Garden"
"Under-Cabinet Lights","Home & Garden"
"Wine Stoppers & Corks","Home & Garden"
"Electric Crepe Makers","Home & Garden"
"Clothes Irons","Home & Garden"
"Party Plates","Home & Garden"
"Head Boppers","Home & Garden"
"Cheesecloth","Home & Garden"
"Ceiling Fans","Home & Garden"
"Pasta Forks","Home & Garden"
"Watering Cans","Home & Garden"
"Bulb Planter Tools","Home & Garden"
"Snow Blowers","Home & Garden"
"Hummingbird Feeders","Home & Garden"
"Wreath Hangers","Home & Garden"
"Bed-in-a-Bag","Home & Garden"
"Kitchen Nutcrackers","Home & Garden"
"Wall Ovens","Home & Garden"
"Appliance Covers","Home & Garden"
"Glow Sticks","Home & Garden"
"Rain & Snow Gauges","Home & Garden"
"Serving Spoons","Home & Garden"
"Fireplace Fans","Home & Garden"
"Oil Sprayers & Misters","Home & Garden"
"Yard Waste Bags","Home & Garden"
"Fly Swatters","Home & Garden"
"Charcoal Briquettes","Home & Garden"
"Pillow Protectors","Home & Garden"
"Coffee & Espresso Maker Parts","Home & Garden"
"Shade Sails","Home & Garden"
"Cake Serving Sets","Home & Garden"
"Metal Detectors","Home & Garden"
"Ice Cream Scoops","Home & Garden"
"Outdoor Light Holders & Ground Stakes","Home & Garden"
"Dish Soaps","Home & Garden"
"Electric Food Choppers","Home & Garden"
"Range Drip Pans & Trim Rings","Home & Garden"
"Prisms","Home & Garden"
"Meat Tenderizers","Home & Garden"
"Milk Frothers & Steamers","Home & Garden"
"Mops","Home & Garden"
"Grass Catchers","Home & Garden"
"Mixing Bowls","Home & Garden"
"Basting Brushes","Home & Garden"
"Gardening Gloves","Home & Garden"
"Garden Hoes","Home & Garden"
"Sprinkler Heads","Home & Garden"
"Outdoor Candle Holders","Home & Garden"
"Candle Shades & Covers","Home & Garden"
"Mailbox Flags","Home & Garden"
"Snow Plow Pushers & Attachments","Home & Garden"
"Umbrella Racks & Stands","Home & Garden"
"Other Range, Stovetop & Oven Accessories","Home & Garden"
"Handheld Pool Vacuums","Home & Garden"
"Creamers, Sugar Bowls & Sets","Home & Garden"
"Soap & Lotion Dispenser Pumps","Home & Garden"
"Kitchen Spatulas","Home & Garden"
"Flagpoles","Home & Garden"
"Shop Light Fixtures","Home & Garden"
"Ice-Melting Products","Home & Garden"
"Liquor Dispensers","Home & Garden"
"Fire Extinguishers","Home & Garden"
"Grill Smoker Boxes","Home & Garden"
"Home Brewing Kegs & Keg Supplies","Home & Garden"
"Plant Caddies","Home & Garden"
"Martini Glasses","Home & Garden"
"Bread Boxes","Home & Garden"
"Dustpans & Dustpan & Brush Sets","Home & Garden"
"Food Tongs","Home & Garden"
"Range & Cooktop Replacement Burners","Home & Garden"
"Meat Grinders","Home & Garden"
"Home Brewing Kettles","Home & Garden"
"Bed Slats","Home & Garden"
"Steamer Baskets","Home & Garden"
"Cocktail Picks","Home & Garden"
"Dusters","Home & Garden"
"Appliance Belts","Home & Garden"
"Evaporative Air Cooler Pulleys","Home & Garden"
"Jiggers","Home & Garden"
"Range Burner Covers & Heat Diffusers","Home & Garden"
"Paper Bowls","Home & Garden"
"Electric Food Steamers","Home & Garden"
"Hamburger Patty Makers","Home & Garden"
"Ice Crushers","Home & Garden"
"Appliance Handles","Home & Garden"
"Water Coolers","Home & Garden"
"Disinfectant Sprays","Home & Garden"
"Appliance Water Valves","Home & Garden"
"Refrigerator Water Valves","Home & Garden"
"Pellet Grills","Home & Garden"
"Waterproofing Sprays","Home & Garden"
"Condiment Dispensers","Home & Garden"
"Pond Decor","Home & Garden"
"Birthday Sashes","Home & Garden"
"Fillet Knives","Home & Garden"
"Potato Mashers & Ricers","Home & Garden"
"Dish Racks","Home & Garden"
"Weed Barrier Fabric","Home & Garden"
"Garden Forks","Home & Garden"
"Pool Brushes","Home & Garden"
"Grill Mats","Home & Garden"
"Stovetop Espresso Pots","Home & Garden"
"Electric Skillets","Home & Garden"
"Refrigerator Bins, Shelves & Baskets","Home & Garden"
"Power Log Splitters","Home & Garden"
"Christmas Tree Toppers","Home & Garden"
"Pet Grooming Tables","Home & Garden"
"Teacups","Home & Garden"
"Accent Plates","Home & Garden"
"Timers","Home & Garden"
"Margarita Glasses","Home & Garden"
"Bunkie Boards","Home & Garden"
"Appliance Grills","Home & Garden"
"Tea Storage Boxes","Home & Garden"
"Kitchen Shears","Home & Garden"
"Sprinkler & Watering Controllers & Timers","Home & Garden"
"Ice Packs","Home & Garden"
"Grill Handle Lights","Home & Garden"
"Pizza Stones & Pans","Home & Garden"
"Wood Polishes","Home & Garden"
"Outdoor Bars","Home & Garden"
"Mortars & Pestles","Home & Garden"
"Lamp Oil","Home & Garden"
"Mattocks & Pickaxes","Home & Garden"
"Carafes","Home & Garden"
"Soil Testers","Home & Garden"
"Cake Boards & Circles","Home & Garden"
"Coffee Drippers","Home & Garden"
"Bread & Butter Plates","Home & Garden"
"Refrigerator Magnets","Home & Garden"
"Christmas Stocking Holders","Home & Garden"
"Carpet Cleaners","Home & Garden"
"Dryer Replacement Vents","Home & Garden"
"Dishwasher Tailpieces","Home & Garden"
"Other Cooking Utensils & Gadgets","Home & Garden"
"Squirrel & Critter Food","Home & Garden"
"Combination Washing Machines & Dryers","Home & Garden"
"Charger Plates","Home & Garden"
"Book Lights","Home & Garden"
"Gardening & Work Aprons","Home & Garden"
"Firewood","Home & Garden"
"Electric Griddles","Home & Garden"
"Dried Food Dispensers","Home & Garden"
"Plant Growing Kits","Home & Garden"
"Outdoor Canopy Weights","Home & Garden"
"Hammock Stands","Home & Garden"
"Kitchen Ladles","Home & Garden"
"Water Filter Cleaners","Home & Garden"
"Other Baking Tools & Accessories","Home & Garden"
"Dining Table Pads","Home & Garden"
"Reusable Lunch Bags & Boxes","Home & Garden"
"Doilies","Home & Garden"
"Fireplace Tools","Home & Garden"
"Home Brewing Wort Chillers","Home & Garden"
"Blade Sharpeners","Home & Garden"
"Food Processors","Home & Garden"
"Toothpicks","Home & Garden"
"Sanitizer Sprays","Home & Garden"
"Replacement Appliance Knobs","Home & Garden"
"Ironing Boards","Home & Garden"
"Tablecloth Clamps","Home & Garden"
"Leaf Blowers & Vacuums","Home & Garden"
"Rolling Coolers","Home & Garden"
"Reed Diffusers","Home & Garden"
"Other Home Brewing & Wine Making Supplies","Home & Garden"
"Plant Terrariums","Home & Garden"
"Water Filtration Pitchers","Home & Garden"
"Bag Clips","Home & Garden"
"Fire Starters","Home & Garden"
"Squirrel Feeders","Home & Garden"
"Broom Heads","Home & Garden"
"Electric Egg Cookers","Home & Garden"
"Pool Heaters","Home & Garden"
"Bottle Stoppers","Home & Garden"
"Evaporative Air Cooler Pumps","Home & Garden"
"Corkscrews & Wine Bottle Openers","Home & Garden"
"Wine Totes, Bags & Backpacks","Home & Garden"
"Cooking Skimmers","Home & Garden"
"Milkshake Makers","Home & Garden"
"Outdoor Curtains","Home & Garden"
"Renewable Energy Controllers","Home & Garden"
"Ring Lights","Home & Garden"
"Shellfish Shuckers","Home & Garden"
"Robotic Floor Cleaners","Home & Garden"
"Gazing Balls","Home & Garden"
"Curtain Tracks","Home & Garden"
"Poly Bag Dispensers","Home & Garden"
"Bento Boxes","Home & Garden"
"Blender Pitchers","Home & Garden"
"Other Bedroom Furniture","Home & Garden"
"Turkey Fryers","Home & Garden"
"Outdoor Torches","Home & Garden"
"Confetti Poppers","Home & Garden"
"Electric Contact Grills","Home & Garden"
"Chainsaw Chains","Home & Garden"
"Bathtub Splash Guards","Home & Garden"
"Chainsaws","Home & Garden"
"Doughnut Makers","Home & Garden"
"Microwave Racks","Home & Garden"
"Clock Parts","Home & Garden"
"Ceiling Fan & Light Remote Controls","Home & Garden"
"Evaporative Air Cooler Valves","Home & Garden"
"Fuel Gases","Home & Garden"
"Meat Basters","Home & Garden"
"Baking Mats","Home & Garden"
"Planter Liners","Home & Garden"
"Deep Fryer Accessories","Home & Garden"
"Outdoor Spas","Home & Garden"
"Other Range, Stovetop & Oven Replacement Parts","Home & Garden"
"Outdoor Equipment Wheels","Home & Garden"
"Glow Bracelets","Home & Garden"
"De-Icing Cables","Home & Garden"
"Gas Logs","Home & Garden"
"Canning Tools","Home & Garden"
"Egg Poachers","Home & Garden"
"Steam Mop Pads & Brushes","Home & Garden"
"Cooler Carts","Home & Garden"
"Electric Knives","Home & Garden"
"Espresso Cups","Home & Garden"
"Table Place Cards","Home & Garden"
"Range & Cooktop Burner Grates","Home & Garden"
"Fruit & Vegetable Corers","Home & Garden"
"Graters & Zesters","Home & Garden"
"Scratch Repair Kits","Home & Garden"
"Lighting Cables","Home & Garden"
"Pool & Pond Thermometers","Home & Garden"
"Menorahs","Home & Garden"
"Locker Shelves","Home & Garden"
"Foam Cups","Home & Garden"
"Seafood Serving & Tool Sets","Home & Garden"
"Grill & Campfire Rotisseries","Home & Garden"
"Rail Planters","Home & Garden"
"Glass Cleaners","Home & Garden"
"Fabric Softeners","Home & Garden"
"Other Ceiling Fan Parts & Accessories","Home & Garden"
"Sugar & Spice Shakers & Dispensers","Home & Garden"
"Watering Globes","Home & Garden"
"Sink Caddies","Home & Garden"
"Detector Flashlights","Home & Garden"
"Furniture Touch-Up Kits","Home & Garden"
"Microwave Food Defrosters","Home & Garden"
"Pool & Pond Test Kits","Home & Garden"
"Power Hedge Trimmers","Home & Garden"
"Wall Growth Charts","Home & Garden"
"Cup Lids","Home & Garden"
"Vacuum Cleaner Belts","Home & Garden"
"Solar Batteries","Home & Garden"
"Pool Filter Valves","Home & Garden"
"Wine Aerators & Pourers","Home & Garden"
"Whisks","Home & Garden"
"Hammock Accessories","Home & Garden"
"Saucepans","Home & Garden"
"Bread & Loaf Pans","Home & Garden"
"Growlers","Home & Garden"
"Drinking Flasks","Home & Garden"
"Measuring Spoons","Home & Garden"
"Baking Cups","Home & Garden"
"Gel Fuel","Home & Garden"
"Wax Warmers","Home & Garden"
"Fireplace Inserts","Home & Garden"
"Other Cookware","Home & Garden"
"Drip Irrigation Filters & Regulators","Home & Garden"
"Sprinkler System Rain Sensors","Home & Garden"
"Home Brewing Thermometers & Temperature Controllers","Home & Garden"
"Baking & Cookie Sheets","Home & Garden"
"S'mores Makers","Home & Garden"
"Pond Netting","Home & Garden"
"Patio Umbrella Base Weights","Home & Garden"
"Multipots","Home & Garden"
"Glass Markers & Stemware Charms","Home & Garden"
"Floating Pool Lights","Home & Garden"
"Electric Woks","Home & Garden"
"Fruit & Wine Presses","Home & Garden"
"Rolling Pins","Home & Garden"
"Coffee & Tea Serving Sets","Home & Garden"
"Light Bulb Changers","Home & Garden"
"Evaporative Air Cooler Pads","Home & Garden"
"Wine Saver Vacuums","Home & Garden"
"Window Boxes","Home & Garden"
"Hand Lawn Edgers","Home & Garden"
"Honey Jars","Home & Garden"
"Flushable Cleansing Cloths","Home & Garden"
"Pool Heater & Heater Pump Parts & Accessories","Home & Garden"
"Home Brewing Equipment Kits","Home & Garden"
"Plant Seeds","Home & Garden"
"Zero-Gravity Chairs","Home & Garden"
"Machetes","Home & Garden"
"Window Air Conditioner Supports","Home & Garden"
"Muffin Pans & Individual Baking Molds","Home & Garden"
"Fire Rings","Home & Garden"
"Pool Table Lights","Home & Garden"
"Grill Presses","Home & Garden"
"Grill Baskets","Home & Garden"
"Drain Drip Trays","Home & Garden"
"Body Pillows","Home & Garden"
"Pie Crust Shields","Home & Garden"
"Scene Setters","Home & Garden"
"Single-Serve Brewers","Home & Garden"
"Laundry Bleach","Home & Garden"
"Artificial Fruits & Vegetables","Home & Garden"
"Hatchets","Home & Garden"
"Food Covers","Home & Garden"
"Spades","Home & Garden"
"Coffee Filters","Home & Garden"
"Chippers, Shredders & Mulchers","Home & Garden"
"Chimineas","Home & Garden"
"Pie & Tart Pans","Home & Garden"
"Firelogs","Home & Garden"
"Drink Stirrers","Home & Garden"
"Carpet Protectors","Home & Garden"
"Lawn Sweepers","Home & Garden"
"Automatic Pool Cleaners","Home & Garden"
"Grill Grid Lifters","Home & Garden"
"Sprinkler Valves","Home & Garden"
"Fabric Starch","Home & Garden"
"Bed Canopies","Home & Garden"
"Ravioli Cutters","Home & Garden"
"Other Vacuum Cleaner Accessories","Home & Garden"
"Pond & Birdbath Heaters & De-Icers","Home & Garden"
"Pizza Peels","Home & Garden"
"Other Toilet Accessories","Home & Garden"
"Dough Dockers","Home & Garden"
"Iced Tea Machines","Home & Garden"
"Food Peelers","Home & Garden"
"Replacement Faucet Water Filters","Home & Garden"
"Appliance Sensors","Home & Garden"
"Grill Gloves","Home & Garden"
"Porch Swing Stands","Home & Garden"
"Glow Rings","Home & Garden"
"Laundry Sanitizers","Home & Garden"
"Cotton Candy Cones","Home & Garden"
"Reel Lawn Mowers","Home & Garden"
"Evaporative Air Cooler Motors","Home & Garden"
"Gardening Kneelers","Home & Garden"
"Meat Branders","Home & Garden"
"Seedling Heat Mats","Home & Garden"
"Zero-Turn Lawn Mowers","Home & Garden"
"Beverage Pod Holders","Home & Garden"
"Toaster Oven Broilers & Broiler Sets","Home & Garden"
"Cocktail Shakers","Home & Garden"
"Rib Racks","Home & Garden"
"Irrigation Timers","Home & Garden"
"Salt & Pepper Mills","Home & Garden"
"Hand Cultivators & Tillers","Home & Garden"
"Cheese Board Sets","Home & Garden"
"Chia Pets","Home & Garden"
"Cheese Slicers","Home & Garden"
"Dryer Balls","Home & Garden"
"Kids Adirondack Chairs","Home & Garden"
"Kids Picnic Tables","Home & Garden"
"Cheese Spreaders","Home & Garden"
"Birthday Candles","Home & Garden"
"Other Microwave Accessories","Home & Garden"
"Cupcake Makers","Home & Garden"
"Electric Buffet Servers","Home & Garden"
"Sanitizer Wands","Home & Garden"
"Espresso Tampers","Home & Garden"
"Small Water Cup Dispensers","Home & Garden"
"Moisture Meters","Home & Garden"
"Cocktail Strainers","Home & Garden"
"Soda Maker Kits","Home & Garden"
"Extension Lights","Home & Garden"
"Replacement Oven Igniters","Home & Garden"
"Marquee Signs","Home & Garden"
"Appetizer Plates","Home & Garden"
"Dehumidifier Accessories","Home & Garden"
"Robotic Lawn Mowers","Home & Garden"
"Airpots","Home & Garden"
"Stemware Holders","Home & Garden"
"Scarecrow Decoys","Home & Garden"
"Trash Compactors","Home & Garden"
"Coffee French Presses","Home & Garden"
"Lighter Fluids","Home & Garden"
"Drip Irrigation Manifolds","Home & Garden"
"Fermentation Airlocks","Home & Garden"
"Cork Holders","Home & Garden"
"Fragrance Oils","Home & Garden"
"Pastry Cutters","Home & Garden"
"Power Tillers","Home & Garden"
"Bed Rest Pillows","Home & Garden"
"Thermocoolers","Home & Garden"
"Lamp Shade Fitters","Home & Garden"
"Oxygen Absorbers","Home & Garden"
"Sun Catchers","Home & Garden"
"Contour Pillows","Home & Garden"
"Electric Can Openers","Home & Garden"
"Ice Bucket & Tong Sets","Home & Garden"
"Meat Hooks & Flippers","Home & Garden"
"Disposable Spoons","Home & Garden"
"Parchment Paper","Home & Garden"
"Weed Torches","Home & Garden"
"Home Brewing Mash Paddles","Home & Garden"
"Emergency Preparedness Kits","Home & Garden"
"Spa Covers","Home & Garden"
"Sundials","Home & Garden"
"Balloon Pumps","Home & Garden"
"Other Cheese Making Supplies","Home & Garden"
"Lollipop & Treat Sticks","Home & Garden"
"Shoe Cleaners","Home & Garden"
"Stovetop Espresso Pot Replacement Gaskets & Filters","Home & Garden"
"Home Fragrance Sachets","Home & Garden"
"Carpet Sweepers","Home & Garden"
"Spiralizers","Home & Garden"
"Pool Chemical Dispensers","Home & Garden"
"Butcher Block Oil & Conditioner","Home & Garden"
"Grill Tongs","Home & Garden"
"Kids Gardening Tools","Home & Garden"
"Serving Utensils & Sets","Home & Garden"
"Plant Misters","Home & Garden"
"Party Favor Cups","Home & Garden"
"Cookie Cutters & Stamps","Home & Garden"
"Blender Parts","Home & Garden"
"Banana Hangers","Home & Garden"
"Herb Mincers","Home & Garden"
"Composting Replacement Filters","Home & Garden"
"Ice Pop Makers","Home & Garden"
"Home Brewing Beer Bottle Caps","Home & Garden"
"Electric Logs","Home & Garden"
"String Trimmer Heads","Home & Garden"
"Egg Cartons","Home & Garden"
"Bottle Pourers","Home & Garden"
"Tea Ball Infusers","Home & Garden"
"Butter Warmers","Home & Garden"
"Faucet Water Filters","Home & Garden"
"Barware Sets","Home & Garden"
"Other Backyard Birding Supplies","Home & Garden"
"Bed Runners","Home & Garden"
"Refrigerator Thermometers","Home & Garden"
"Recipe Boxes & Holders","Home & Garden"
"Oil & Vinegar Dispensing Bottles & Cruets","Home & Garden"
"Toaster Oven Toast Bags","Home & Garden"
"Plug-in Fragrance Warmer Refills","Home & Garden"
"Toothpick Holders & Dispensers","Home & Garden"
"Manual Spice & Herb Grinders","Home & Garden"
"Ironing Sets & Centers","Home & Garden"
"Bee Guards","Home & Garden"
"Chocolate Fountains","Home & Garden"
"String Trimmer Replacement Parts","Home & Garden"
"Cake Pop Makers","Home & Garden"
"Food Processor Accessories","Home & Garden"
"Ceiling Fan Downrods","Home & Garden"
"Gravy Boats, Stands & Sets","Home & Garden"
"Hammock Pillows","Home & Garden"
"Plasma Balls","Home & Garden"
"Box Springs","Home & Garden"
"Candle Wicks","Home & Garden"
"Fat Separators","Home & Garden"
"Party Bowls","Home & Garden"
"Home Decor Masks","Home & Garden"
"Salad Spinners","Home & Garden"
"Candy & Food-Grade Molds","Home & Garden"
"Walk-Behind Mowers","Home & Garden"
"Cake Boxes","Home & Garden"
"Cocktail Chilling Stones","Home & Garden"
"Solar Cells","Home & Garden"
"Power Edgers","Home & Garden"
"Appliance Door Latches & Kits","Home & Garden"
"Wok Brushes","Home & Garden"
"Fireplace Bellows","Home & Garden"
"Ironing Board Holders","Home & Garden"
"Punch Bowl Sets","Home & Garden"
"Chopstick Holders","Home & Garden"
"Appliance Door Gasket Seals","Home & Garden"
"Pool Water Slides","Home & Garden"
"Bar Spoons","Home & Garden"
"Sushi Rolling Mats & Rolling Kits","Home & Garden"
"Live Worms","Home & Garden"
"Meat Handler & Carving Forks","Home & Garden"
"Pizza Cutters","Home & Garden"
"Cupcake Liners","Home & Garden"
"Butterfly Hibernation Boxes","Home & Garden"
"Fabric Wrinkle Removers","Home & Garden"
"Electric Wine Bottle Openers","Home & Garden"
"Combination Grill/Smokers","Home & Garden"
"Pool Alarms","Home & Garden"
"Mason Drinking Jars","Home & Garden"
"Other Bar Tools","Home & Garden"
"Plant Bulbs","Home & Garden"
"Salad Serving Utensils","Home & Garden"
"Wine Making Equipment Kits","Home & Garden"
"Thermal Carafes","Home & Garden"
"Batter Dispensers","Home & Garden"
"Cake Servers","Home & Garden"
"Double Boilers","Home & Garden"
"Window Alert Decals","Home & Garden"
"Modular Building & Furniture Systems","Home & Garden"
"Oven Thermometers","Home & Garden"
"Wine Thermometers","Home & Garden"
"Wine Making Barrels","Home & Garden"
"Sugar Packet Holders","Home & Garden"
"Smoke Alarms","Home & Garden"
"Chimney Starters","Home & Garden"
"Knife Sleeves & Guards","Home & Garden"
"Appliance Control Panels","Home & Garden"
"Ice Tongs","Home & Garden"
"Fermenters","Home & Garden"
"Tableware Storage Chests","Home & Garden"
"Butter Dishes","Home & Garden"
"Salt Boxes","Home & Garden"
"Turkish Coffee Pots","Home & Garden"
"Melon Ballers","Home & Garden"
"Beverage Warmers","Home & Garden"
"Cake Turntables","Home & Garden"
"Wild Bird Feed","Home & Garden"
"Wax Melts","Home & Garden"
"Icing Decorating Tips & Sets","Home & Garden"
"Floor Cleaning Machines","Home & Garden"
"Pinatas","Home & Garden"
"Electric Knife Sharpeners","Home & Garden"
"Nut Gatherers","Home & Garden"
"Moscow Mule Mugs","Home & Garden"
"Grapefruit Utensils","Home & Garden"
"Onion Goggles","Home & Garden"
"Pressing Pads & Cloths","Home & Garden"
"Decorative Pillow Inserts","Home & Garden"
"Bakeware Sets","Home & Garden"
"Corn Holders","Home & Garden"
"Cupcake Corers","Home & Garden"
"Air Press Coffee Makers","Home & Garden"
"Pastry Brushes","Home & Garden"
"Shrimp Deveiners","Home & Garden"
"Cocktail Swizzle Sticks","Home & Garden"
"Bath Appliques","Home & Garden"
"Floor Polishing Machines","Home & Garden"
"Decorating & Pastry Bags","Home & Garden"
"Manual Egg Beaters","Home & Garden"
"Buoy Balls","Home & Garden"
"Dough & Empanada Presses","Home & Garden"
"Drip Irrigation Valves","Home & Garden"
"Tea Strainers","Home & Garden"
"Appliance Blower Wheels","Home & Garden"
"Pie Irons","Home & Garden"
"Fajita Platters & Platter Sets","Home & Garden"
"N2O Chargers","Home & Garden"
"Dryer Lint Screens","Home & Garden"
"Bath Pillows","Home & Garden"
"Cookie Presses","Home & Garden"
"Picture Lights","Home & Garden"
"Other Baked Goods Decorating Tools","Home & Garden"
"Pasta & Dumpling Molds & Stamps","Home & Garden"
"Home Brewing Valves & Spigots","Home & Garden"
"Pasta Drying Racks","Home & Garden"
"Food & Candy Dipping Tools","Home & Garden"
"Clothes Iron Cleaners","Home & Garden"
"Balloon Ribbons","Home & Garden"
"Icing Smoothers & Spatulas","Home & Garden"
"Humidifier Absorption Sleeves","Home & Garden"
"Kitchen Linen Sets","Home & Garden"
"Egg Separators","Home & Garden"
"Tableware Knives","Home & Garden"
"Basket Liners","Home & Garden"
"Brining Bags","Home & Garden"
"Serving Forks","Home & Garden"
"Poultry Feed","Home & Garden"
"Salt Blocks","Home & Garden"
"Spa Chemicals","Home & Garden"
"Bagel Slicers","Home & Garden"
"Butterfly Feeders","Home & Garden"
"Wineskins","Home & Garden"
"Fireplace Back Plates","Home & Garden"
"Citrus Reamers","Home & Garden"
"Ceiling Fan Scrolls","Home & Garden"
"Live Topiaries","Home & Garden"
"Salad Shakers","Home & Garden"
"Other Canning Supplies","Home & Garden"
"Draft Blocks","Home & Garden"
"Gnocchi Boards","Home & Garden"
"Track Storage Systems","Home & Garden"
"Beeswax Food Wraps","Home & Garden"
"Bathtub Rails & Bars","Health & Beauty"
"Disposable Gloves","Health & Beauty"
"Bedpans & Urinals","Health & Beauty"
"Mobility Walker Glides & Balls","Health & Beauty"
"Mobility Walkers","Health & Beauty"
"Foot Files & Pumice Stones","Health & Beauty"
"Hair Oils","Health & Beauty"
"False Nails","Health & Beauty"
"Manicure Sets","Health & Beauty"
"Hair Brushes","Health & Beauty"
"Massage Table Bolsters","Health & Beauty"
"Other Mobility Aids & Equipment","Health & Beauty"
"Wheelchair Cushions","Health & Beauty"
"Shower & Bath Stools & Benches","Health & Beauty"
"Massage Tables","Health & Beauty"
"Colognes","Health & Beauty"
"Perfumes","Health & Beauty"
"Transport Wheelchairs","Health & Beauty"
"Makeup Bags","Health & Beauty"
"Cuticle Pushers","Health & Beauty"
"Hair Combs","Health & Beauty"
"Aftershaves","Health & Beauty"
"Deodorants & Antiperspirants","Health & Beauty"
"Physical Therapy Hand Exercisers","Health & Beauty"
"Reaching Aids","Health & Beauty"
"Crutches","Health & Beauty"
"Eyelid Tapes","Health & Beauty"
"Nail Clippers","Health & Beauty"
"Body Paint","Health & Beauty"
"Stress Squeeze Balls","Health & Beauty"
"Mayo Stands","Health & Beauty"
"Toilet Seat Elevators","Health & Beauty"
"Walking Cane & Crutch Tips","Health & Beauty"
"Manual Wheelchairs","Health & Beauty"
"Mobility Scooters","Health & Beauty"
"Fragrance Sets","Health & Beauty"
"Tweezers","Health & Beauty"
"Makeup Brushes & Applicators","Health & Beauty"
"Lipsticks","Health & Beauty"
"Toiletry Kits & Bags","Health & Beauty"
"Hair Curling Irons","Health & Beauty"
"Bedside Commodes","Health & Beauty"
"Hair Dye Applicator Brushes","Health & Beauty"
"Cuticle Removers","Health & Beauty"
"Massagers","Health & Beauty"
"Eyeglass Cases","Health & Beauty"
"Nail Dryers","Health & Beauty"
"Medical ID Bracelets","Health & Beauty"
"Braces, Splints & Slings","Health & Beauty"
"Hair Flat Irons","Health & Beauty"
"Facial Toners & Astringents","Health & Beauty"
"Physical Therapy Putty","Health & Beauty"
"Other Hair Styling Tools & Products","Health & Beauty"
"Massage Chairs","Health & Beauty"
"Face Mirrors","Health & Beauty"
"Hospital Beds","Health & Beauty"
"Facial Tissue","Health & Beauty"
"Hot Water Bottles","Health & Beauty"
"Epilators","Health & Beauty"
"Foundation Makeup","Health & Beauty"
"Loofahs, Sponges & Poufs","Health & Beauty"
"Body Weight Scales","Health & Beauty"
"Patient Lifts","Health & Beauty"
"Insect & Pest Repellent","Health & Beauty"
"Dressing Aid Sticks","Health & Beauty"
"Blood Pressure Monitors","Health & Beauty"
"Hair Color","Health & Beauty"
"Sound Machines","Health & Beauty"
"Incontinence Protective Underwear","Health & Beauty"
"Bath Soaps","Health & Beauty"
"Walking Cane Flashlights","Health & Beauty"
"Cuticle Nippers","Health & Beauty"
"Other Sleep Aids","Health & Beauty"
"Adaptive Living Shampoo Basins & Trays","Health & Beauty"
"Magnifiers & Low-Vision Aids","Health & Beauty"
"First Aid Kits","Health & Beauty"
"Other Mobility Walker Accessories","Health & Beauty"
"Bed Safety & Assisting Rails","Health & Beauty"
"Massage Oil Warmers","Health & Beauty"
"Wheelchair Lap Trays & Cup Holders","Health & Beauty"
"Body Fat Analyzers","Health & Beauty"
"Hair Removal Depilatories","Health & Beauty"
"First Aid Gauze & Pads","Health & Beauty"
"Hair Rollers","Health & Beauty"
"Wheelchair Bags & Baskets","Health & Beauty"
"Other Denture Care","Health & Beauty"
"Face Serums","Health & Beauty"
"Other Skin Care Supplies","Health & Beauty"
"Facial Cleansers","Health & Beauty"
"Physical Therapy Traction Equipment","Health & Beauty"
"Electric Shavers","Health & Beauty"
"Electric Wheelchairs","Health & Beauty"
"Toilet Safety Frames","Health & Beauty"
"Nail Art","Health & Beauty"
"CPAP Tubing","Health & Beauty"
"Compression Gloves, Sleeves & Socks","Health & Beauty"
"Makeup Cases","Health & Beauty"
"False Eyelash Applicators","Health & Beauty"
"Body Moisturizers","Health & Beauty"
"False Eyelashes","Health & Beauty"
"Nail Art Brushes & Pens","Health & Beauty"
"Nail Files","Health & Beauty"
"Blackhead & Whitehead Remover Tools","Health & Beauty"
"Stethoscopes","Health & Beauty"
"Facial Moisturizers","Health & Beauty"
"Health Care Transfer Boards","Health & Beauty"
"Mobility Walker Wheels","Health & Beauty"
"Other Bandages & Bandaging Supplies","Health & Beauty"
"Hair Styling Gels","Health & Beauty"
"Cold Packs","Health & Beauty"
"Reading Glasses","Health & Beauty"
"Eyebrow Color","Health & Beauty"
"Body Powder","Health & Beauty"
"Other Eating & Drinking Aids","Health & Beauty"
"Mobility Ramps","Health & Beauty"
"Beard Kits","Health & Beauty"
"Overbed Tables","Health & Beauty"
"Facial Cleansing Brushes","Health & Beauty"
"Body Care Sets","Health & Beauty"
"Clothing Protectors & Adult Bibs","Health & Beauty"
"Bath Accessories Sets","Health & Beauty"
"Other Bathing Accessories","Health & Beauty"
"Pill Organizers","Health & Beauty"
"Hair Trimmers & Clippers","Health & Beauty"
"Hair Sprays","Health & Beauty"
"Cloth Face Masks","Health & Beauty"
"Mobility Walker Bags, Baskets & Carriers","Health & Beauty"
"Cane Accessories","Health & Beauty"
"Hand Wipes","Health & Beauty"
"Herbal Supplements","Health & Beauty"
"Massage Balls","Health & Beauty"
"Other Physical Therapy Aids","Health & Beauty"
"Toe Separators & Straighteners","Health & Beauty"
"Shampoos","Health & Beauty"
"Body Sprays","Health & Beauty"
"Finger Cots","Health & Beauty"
"Hand Sanitizers","Health & Beauty"
"Adhesive Bandages","Health & Beauty"
"Eye Shadow","Health & Beauty"
"Body Glitter","Health & Beauty"
"Temporary Tattoos","Health & Beauty"
"Hand Soaps","Health & Beauty"
"Spa Mitts","Health & Beauty"
"Cotton Swabs","Health & Beauty"
"CPAP Bed Pillows","Health & Beauty"
"Lip Glosses","Health & Beauty"
"Nail Polish","Health & Beauty"
"Hair Removal Waxes & Waxing Kits","Health & Beauty"
"Makeup Organizers","Health & Beauty"
"Instrument Trays","Health & Beauty"
"Facial Wipes","Health & Beauty"
"Mobility Lift Cushions","Health & Beauty"
"Conditioners","Health & Beauty"
"Sock Dressing Aids","Health & Beauty"
"Medical Bags","Health & Beauty"
"Glass Dropper & Bottles","Health & Beauty"
"Bunion Pads","Health & Beauty"
"Blush","Health & Beauty"
"Hair Styling Creams","Health & Beauty"
"Makeup Puffs, Sponges & Wedges","Health & Beauty"
"Heating Pads","Health & Beauty"
"Sleep Masks","Health & Beauty"
"Medical Alert Devices","Health & Beauty"
"Hair Scissors","Health & Beauty"
"Hair Serums","Health & Beauty"
"Toothbrush Covers","Health & Beauty"
"Aromatherapy & Essential Oils","Health & Beauty"
"Conditioning Shampoos","Health & Beauty"
"Nail Training Hands","Health & Beauty"
"Lip Balms & Conditioners","Health & Beauty"
"Mobility Walker Flip Trays","Health & Beauty"
"Makeup Finishing Powders","Health & Beauty"
"Sanitary Napkins","Health & Beauty"
"Manual Shaving Razors","Health & Beauty"
"Hair Dryer Diffusers","Health & Beauty"
"Mobility Leg & Thigh Lifters","Health & Beauty"
"Crutch Pads","Health & Beauty"
"Bath Brushes","Health & Beauty"
"Eyeliner","Health & Beauty"
"Eye Creams & Serums","Health & Beauty"
"Nail Polish Removers","Health & Beauty"
"Health & Beauty Misc.","Health & Beauty"
"Cotton Balls","Health & Beauty"
"Grooming Kits","Health & Beauty"
"Lice Household Protection Sprays","Health & Beauty"
"Other Dressing Aids","Health & Beauty"
"Foot Arch Supports","Health & Beauty"
"Other Incontinence Aids","Health & Beauty"
"Hair Curling Wands","Health & Beauty"
"Walking Cane Holders","Health & Beauty"
"Body Washes & Shower Gels","Health & Beauty"
"Kegel Exercisers","Health & Beauty"
"Sexual Lubricants","Health & Beauty"
"Shampoo & Conditioner Sets","Health & Beauty"
"Concealer Makeup","Health & Beauty"
"Facial Cleansing Brush Heads","Health & Beauty"
"Shaving Creams & Balms","Health & Beauty"
"Nebulizers","Health & Beauty"
"Facial Masks","Health & Beauty"
"Manual Toothbrushes","Health & Beauty"
"Corn & Callus Trimmers","Health & Beauty"
"Dry Shampoos","Health & Beauty"
"Mobility Lift Chairs","Health & Beauty"
"Eye Patches","Health & Beauty"
"Hair Perming Rods","Health & Beauty"
"Medical Supply Utensil Holders & Cuffs","Health & Beauty"
"After Sun Skin Care","Health & Beauty"
"Hair Dryer Stands","Health & Beauty"
"Tick Remover Tools","Health & Beauty"
"Hand Creams & Lotions","Health & Beauty"
"Hair Dryers","Health & Beauty"
"Lip Plumpers","Health & Beauty"
"Shaving Sets","Health & Beauty"
"Nail Tool Sterilizers","Health & Beauty"
"Hair Masks","Health & Beauty"
"First Aid Tape","Health & Beauty"
"Eyelash Curlers","Health & Beauty"
"CPAP Headgear","Health & Beauty"
"Body Self-Tanners","Health & Beauty"
"Cotton Pads","Health & Beauty"
"Eyeglass Cleaning Cloths","Health & Beauty"
"Incontinence Underpads & Protectors","Health & Beauty"
"Eyeglass Frames","Health & Beauty"
"Button Hook Dressing Aids","Health & Beauty"
"Facial Sunscreens","Health & Beauty"
"Dental Floss Holders","Health & Beauty"
"Medicine Dosing Containers","Health & Beauty"
"Acne Clearing Devices","Health & Beauty"
"Hair Perms & Texturizers","Health & Beauty"
"BB Cream","Health & Beauty"
"Other Hair Coloring Supplies","Health & Beauty"
"Foundation Primers","Health & Beauty"
"Radon Testing Kits","Health & Beauty"
"Bath Mitts & Cloths","Health & Beauty"
"Denture Cases","Health & Beauty"
"Hair & Scalp Treatments","Health & Beauty"
"Cosmetic Pencil Sharpeners","Health & Beauty"
"Health Monitor Accessories","Health & Beauty"
"Feminine Hygiene Deodorant Powders & Sprays","Health & Beauty"
"Manicure Tables","Health & Beauty"
"Quick Dry Nail Lacquers","Health & Beauty"
"Makeup Sets","Health & Beauty"
"Hair Styling Waxes","Health & Beauty"
"Crutch Handgrips","Health & Beauty"
"Bathing Cast & Wound Covers","Health & Beauty"
"Medical Supply Plate Guards","Health & Beauty"
"General Health Tests","Health & Beauty"
"Exfoliants & Scrubs","Health & Beauty"
"Eyeglass Lens Cleaners","Health & Beauty"
"Other Hair Removal Supplies","Health & Beauty"
"Commode Liners","Health & Beauty"
"Lip Liners","Health & Beauty"
"Sitz Baths","Health & Beauty"
"Knee Walker Scooters","Health & Beauty"
"Body Oils","Health & Beauty"
"Nausea Wristbands","Health & Beauty"
"Pill Crushers & Splitters","Health & Beauty"
"Mascara","Health & Beauty"
"Body Butters","Health & Beauty"
"Lead Testing Kits","Health & Beauty"
"Back Scratchers","Health & Beauty"
"Dental Floss & Flossers","Health & Beauty"
"Other First Aid Supplies","Health & Beauty"
"Pedicure Sets","Health & Beauty"
"Mineral Supplements","Health & Beauty"
"Therapeutic Light Boxes","Health & Beauty"
"DNA Testing Kits","Health & Beauty"
"Stretch Marks Reducing Treatments","Health & Beauty"
"Eyebrow & Eyelash Enhancers","Health & Beauty"
"Sunscreens","Health & Beauty"
"Nail Top Coat","Health & Beauty"
"Toothpastes","Health & Beauty"
"False Eyelash Adhesives","Health & Beauty"
"Dietary Supplements","Health & Beauty"
"Medical Thermometers","Health & Beauty"
"Body Scrubs","Health & Beauty"
"Condoms","Health & Beauty"
"Mouthwash","Health & Beauty"
"Probiotic Supplements","Health & Beauty"
"Over-the-Counter Medicines","Health & Beauty"
"Fiber Supplements","Health & Beauty"
"Lip Stains","Health & Beauty"
"Breathalyzer Alcohol Monitors","Health & Beauty"
"Homeopathic & Herbal Remedies","Health & Beauty"
"Earwax Removal Kits","Health & Beauty"
"Earplugs","Health & Beauty"
"Omega Fatty Acid Supplements","Health & Beauty"
"Skin Toning Devices","Health & Beauty"
"Feminine Hygiene Washes & Douches","Health & Beauty"
"Makeup Brush Cleansers","Health & Beauty"
"Tampons","Health & Beauty"
"Vitamin Supplements","Health & Beauty"
"Nail Treatments","Health & Beauty"
"Foot Scrubs","Health & Beauty"
"Protein Supplements","Health & Beauty"
"Highlighter Makeup","Health & Beauty"
"Anti-Chafing Creams","Health & Beauty"
"Enema Supplies","Health & Beauty"
"Massage Oils & Lotions","Health & Beauty"
"Electrolyte Supplements","Health & Beauty"
"Eye Masks","Health & Beauty"
"Multivitamin Supplements","Health & Beauty"
"Other Makeup Brushes & Tools","Health & Beauty"
"Makeup Palettes","Health & Beauty"
"Electrodes","Health & Beauty"
"Facial Treatments","Health & Beauty"
"Eye Drops","Health & Beauty"
"Bronzing Makeup","Health & Beauty"
"Tinted Moisturizers","Health & Beauty"
"Breath Fresheners","Health & Beauty"
"Meal Replacement Drinks","Health & Beauty"
"Nasal Irrigators","Health & Beauty"
"Heat Patches & Wraps","Health & Beauty"
"Acne Creams","Health & Beauty"
"Makeup Removers","Health & Beauty"
"Oxygen Concentrators","Health & Beauty"
"Pulse Oximeters","Health & Beauty"
"Hormone Supplements","Health & Beauty"
"CPAP Masks","Health & Beauty"
"Beard Oils","Health & Beauty"
"Foot Creams & Lotions","Health & Beauty"
"Multi-groomers","Health & Beauty"
"Cold Sore & Fever Blister Treatments","Health & Beauty"
"Pain Relief Patches","Health & Beauty"
"Hair Relaxers & Straighteners","Health & Beauty"
"Incontinence Cleansers & Deodorants","Health & Beauty"
"Shower Caps","Health & Beauty"
"Otoscopes","Health & Beauty"
"Asthma Inhalers","Health & Beauty"
"Cuticle Creams & Oils","Health & Beauty"
"Scar Reducing Treatments","Health & Beauty"
"Hot-Air Brushes","Health & Beauty"
"Nail Base Coat","Health & Beauty"
"Denture Cleansers","Health & Beauty"
"Beard Balms","Health & Beauty"
"3-in-1 Shampoo, Conditioner & Body Washes","Health & Beauty"
"Hair Pomades","Health & Beauty"
"Tanning Oils","Health & Beauty"
"Contact Lens Cleaners","Health & Beauty"
"Nose & Ear Trimmers","Health & Beauty"
"Contour Makeup Set","Health & Beauty"
"Bubble Bath","Health & Beauty"
"Panty Liners","Health & Beauty"
"Eyeglass Lenses","Health & Beauty"
"Hair Loss Treatments","Health & Beauty"
"Amino Acid Supplements","Health & Beauty"
"Makeup Setting Sprays","Health & Beauty"
"Other Orthodontic Supplies","Health & Beauty"
"Nail Polish Corrector Pens","Health & Beauty"
"Vaginal Moisturizers","Health & Beauty"
"Nail Repair Kits","Health & Beauty"
"Bath Bombs","Health & Beauty"
"Acne Treatment Systems","Health & Beauty"
"Hair Styling Mousses","Health & Beauty"
"Lice Combs","Health & Beauty"
"Body Groomers","Health & Beauty"
"Itching & Rash Treatments","Health & Beauty"
"Urinary Tract Infection Test Strips","Health & Beauty"
"Razor Replacement Heads","Health & Beauty"
"Eyeglass Repair Kits","Health & Beauty"
"Body Bronzers","Health & Beauty"
"Mold Testing Kits","Health & Beauty"
"Skin Care Sets","Health & Beauty"
"Bath Minerals & Salts","Health & Beauty"
"Interdental Brushes","Health & Beauty"
"Aftershave Treatments","Health & Beauty"
"Enteral Feeding Tubes & Supplies","Health & Beauty"
"Nail Glue","Health & Beauty"
"Bath Oils","Health & Beauty"
"Teeth Whitening","Health & Beauty"
"Ear Drops","Health & Beauty"
"Hearing Aids","Health & Beauty"
"Oral Irrigators & Water Flossers","Health & Beauty"
"Foot Odor Control","Health & Beauty"
"Petroleum Jelly","Health & Beauty"
"Denture Adhesives","Health & Beauty"
"Body Muds","Health & Beauty"
"Computer Glasses","Health & Beauty"
"Dental Mirrors","Health & Beauty"
"Henna Paste & Powder","Health & Beauty"
"In-Shower Body Lotions","Health & Beauty"
"CC Cream","Health & Beauty"
"Derma Rollers","Health & Beauty"
"Hair Removal Waxing Strips","Health & Beauty"
"Earloop Face Masks","Health & Beauty"
"Eyelash Curler Pads","Health & Beauty"
"Blood Lancets","Health & Beauty"
"Antiseptics","Health & Beauty"
"Tongue Scrapers","Health & Beauty"
"Other Shaving Supplies","Health & Beauty"
"Foot Soaks","Health & Beauty"
"Corn & Callus Remover Cushions","Health & Beauty"
"Hair Bleaches","Health & Beauty"
"Burn Care","Health & Beauty"
"Gift Card Holders","Gift Cards & Gift Certificates"
"Mixed Spices & Seasonings","Food & Beverages"
"Jerky & Dried Meats","Food & Beverages"
"Prepared & Packaged Soups","Food & Beverages"
"Cooking Oils","Food & Beverages"
"Bouillon, Broths & Stocks","Food & Beverages"
"Coffee Pods","Food & Beverages"
"Energy Drinks","Food & Beverages"
"Snack Chips","Food & Beverages"
"Lollipops & Suckers","Food & Beverages"
"Canned & Jarred Vegetables","Food & Beverages"
"Trail Mixes","Food & Beverages"
"Fruit Flavored Candy","Food & Beverages"
"Mint Candy","Food & Beverages"
"Hot Sauces","Food & Beverages"
"Ground Coffee","Food & Beverages"
"Chocolate Candy","Food & Beverages"
"Baking Mixes","Food & Beverages"
"Drink Mixes","Food & Beverages"
"Grains","Food & Beverages"
"Flavored Syrups","Food & Beverages"
"Sugars","Food & Beverages"
"Barbecue Sauces","Food & Beverages"
"Edible Seeds","Food & Beverages"
"Whole Bean Coffee","Food & Beverages"
"Fruit Butters","Food & Beverages"
"Food Gift Assortments","Food & Beverages"
"Chewing Gum","Food & Beverages"
"Jelly Beans","Food & Beverages"
"Juices","Food & Beverages"
"Pectin","Food & Beverages"
"Tea Pods","Food & Beverages"
"Salsas","Food & Beverages"
"Noodles","Food & Beverages"
"Snack Crackers","Food & Beverages"
"Cakes","Food & Beverages"
"Pretzels","Food & Beverages"
"Packaged Meals","Food & Beverages"
"Cocktail Mixers","Food & Beverages"
"Cookies","Food & Beverages"
"Popcorns","Food & Beverages"
"Dairy Creams","Food & Beverages"
"Bottled Drinking Waters","Food & Beverages"
"Edible Nuts","Food & Beverages"
"Toaster Pastries","Food & Beverages"
"Snack Bars","Food & Beverages"
"Loose-Leaf Tea","Food & Beverages"
"Emergency Food","Food & Beverages"
"Chocolate Covered Nuts","Food & Beverages"
"Dried Fruits","Food & Beverages"
"Dessert Sprinkles & Decorations","Food & Beverages"
"Tea Bags","Food & Beverages"
"Chewy Candy","Food & Beverages"
"Jams, Jellies & Preserves","Food & Beverages"
"Canned, Jarred & Cup Fruits","Food & Beverages"
"Rice","Food & Beverages"
"Taco Shells","Food & Beverages"
"Soda Pop","Food & Beverages"
"Salt","Food & Beverages"
"Single Herbs & Spices","Food & Beverages"
"Nut Cluster Candy","Food & Beverages"
"Sour Candy","Food & Beverages"
"Breads & Buns","Food & Beverages"
"Pickles","Food & Beverages"
"Candy Bars & Miniatures","Food & Beverages"
"Ice Cream, Sorbet & Frozen Yogurt","Food & Beverages"
"Gummy Candy","Food & Beverages"
"Sports Drinks","Food & Beverages"
"Taffy Candy","Food & Beverages"
"Party Mixes","Food & Beverages"
"Sparkling Water","Food & Beverages"
"Packaged Breakfast Cereals","Food & Beverages"
"Caramel Candy","Food & Beverages"
"Pasta","Food & Beverages"
"Nut Butters & Spreads","Food & Beverages"
"Cooking Sprays","Food & Beverages"
"Oatmeal","Food & Beverages"
"Pork Rinds","Food & Beverages"
"Sugar Substitutes","Food & Beverages"
"Candy Brittle","Food & Beverages"
"Chocolate Drink Mixes","Food & Beverages"
"Honey","Food & Beverages"
"Bottled Tea Drinks","Food & Beverages"
"Non-Dairy Creamers","Food & Beverages"
"Flours","Food & Beverages"
"Corn Syrup","Food & Beverages"
"Licorice Candy","Food & Beverages"
"Mushrooms","Food & Beverages"
"Instant Coffee","Food & Beverages"
"Mayonnaise","Food & Beverages"
"Bottled Coffee Drinks","Food & Beverages"
"Fruit Snacks","Food & Beverages"
"Cooking Sauces & Marinades","Food & Beverages"
"Hard Candy","Food & Beverages"
"Muesli","Food & Beverages"
"Breadsticks","Food & Beverages"
"Mustards","Food & Beverages"
"Granola","Food & Beverages"
"Breakfast Bars & Cereal Bars","Food & Beverages"
"Baking Extracts","Food & Beverages"
"Food Coloring","Food & Beverages"
"Pasta Sauces","Food & Beverages"
"Pizza Sauces","Food & Beverages"
"Maple Syrups","Food & Beverages"
"Packaged Salads","Food & Beverages"
"Molasses, Treacle & Sugar Syrups","Food & Beverages"
"Puffed Snacks","Food & Beverages"
"Cotton Candy","Food & Beverages"
"Candy Canes","Food & Beverages"
"Doughs","Food & Beverages"
"Vinegars","Food & Beverages"
"Nutrition Bars, Gels & Chews","Food & Beverages"
"Pepper & Peppercorns","Food & Beverages"
"Canned & Jarred Beans & Legumes","Food & Beverages"
"Chocolate Covered Snacks","Food & Beverages"
"Frosting & Icing","Food & Beverages"
"Gingerbread Kits","Food & Beverages"
"Ketchup","Food & Beverages"
"Fudge","Food & Beverages"
"Snack Pudding & Gelatin","Food & Beverages"
"Emergency Food Kits","Food & Beverages"
"Fresh Herbs","Food & Beverages"
"Cupcakes","Food & Beverages"
"Candy Melts","Food & Beverages"
"Olives","Food & Beverages"
"Coatings & Batters","Food & Beverages"
"Yeasts & Leaveners","Food & Beverages"
"Gravies","Food & Beverages"
"Baking Chips","Food & Beverages"
"Waffles","Food & Beverages"
"Milks","Food & Beverages"
"Nutrition Drinks","Food & Beverages"
"Award Certificates","Everything Else"
"Masturbators","Everything Else"
"Trophies & Awards","Everything Else"
"Lighters","Everything Else"
"Certificate Holders","Everything Else"
"Ashtrays","Everything Else"
"Dildos","Everything Else"
"Tobacco Pipe Cleaners","Everything Else"
"Cremation Urns","Everything Else"
"Tattoo Practice Skins","Everything Else"
"Tattoo Guns & Kits","Everything Else"
"Vibrators","Everything Else"
"Cigar Humidors","Everything Else"
"Tobacco Pipe Stands & Racks","Everything Else"
"Adult Oriented Figures","Everything Else"
"Bondage Restraints","Everything Else"
"Erotic Kits & Gift Sets","Everything Else"
"Anal Douches","Everything Else"
"Sex Games","Everything Else"
"Bondage Paddles, Whips & Ticklers","Everything Else"
"Sexual Arousal Creams & Gels","Everything Else"
"Ball Stretchers","Everything Else"
"Penis Rings","Everything Else"
"Anal Sex Toys","Everything Else"
"Sexual Desensitizing Creams & Gels","Everything Else"
"Edible Sensual Products","Everything Else"
"Cigarette Cases","Everything Else"
"Sex Dolls","Everything Else"
"Electronic Cigarettes","Everything Else"
"Cigar Cases","Everything Else"
"Penis Pumps & Enlargers","Everything Else"
"Sex Swings","Everything Else"
"Tobacco Pipes","Everything Else"
"Video Games","Electronics"
"Antennas","Electronics"
"Mouse Pads","Electronics"
"Power Cables","Electronics"
"Cable Splitters","Electronics"
"Marine Radios","Electronics"
"Flash Memory","Electronics"
"Device-Specific Electronics Batteries","Electronics"
"Vehicle Speakers","Electronics"
"Skins for Phone Grips","Electronics"
"Headphones","Electronics"
"Computer Monitors","Electronics"
"Cable Organizers","Electronics"
"Cell Phone Cases","Electronics"
"Computer Cables","Electronics"
"Other Computer Accessories","Electronics"
"Computer Mice","Electronics"
"Uninterruptible Power Supplies","Electronics"
"Computer Racks & Mounts","Electronics"
"Cable Connectors","Electronics"
"Power Inverters","Electronics"
"Electronics Docks & Cradles","Electronics"
"Computer & Machine Carts","Electronics"
"Laptop Bags","Electronics"
"Car Video Monitors","Electronics"
"Speaker Mounts & Brackets","Electronics"
"Car Subwoofers","Electronics"
"Laptop Computers","Electronics"
"Computer Servers","Electronics"
"Antenna Mounts & Brackets","Electronics"
"Tablet Computer Stands","Electronics"
"Other Electronic Components & Accessories","Electronics"
"Computer Software","Electronics"
"Flash Drives","Electronics"
"Computer Cooling","Electronics"
"Hard Drives","Electronics"
"Vehicle Audio Amplifier","Electronics"
"TV & Monitor Mounts","Electronics"
"Printer Cartridges","Electronics"
"Car In-Dash Units","Electronics"
"Car Speakers","Electronics"
"Memory Card Readers","Electronics"
"Audio/Video Cables","Electronics"
"GPS Software","Electronics"
"Battery Testers","Electronics"
"Radio Antennas","Electronics"
"Device-Specific Electronics Chargers","Electronics"
"Headsets","Electronics"
"Radio Communication Microphones","Electronics"
"Desktop Computers","Electronics"
"Network Cables","Electronics"
"Laptop Sleeves","Electronics"
"Audio Turntables","Electronics"
"Computer Power Supplies","Electronics"
"Computer Cases","Electronics"
"Wrist Rests","Electronics"
"Home Speakers & Subwoofers","Electronics"
"Audio Power Amplifiers","Electronics"
"Electronics Stands","Electronics"
"Corded Phones","Electronics"
"Aerial Drone Accessories","Electronics"
"Two-Way Radios","Electronics"
"Cable Covers","Electronics"
"General Purpose Batteries","Electronics"
"Lap Desks","Electronics"
"VoIP Phone Adapters","Electronics"
"Travel Plug Adapters","Electronics"
"Surge Suppressors","Electronics"
"Cordless Phones","Electronics"
"Weather Stations","Electronics"
"Network Hubs","Electronics"
"Portable Speakers","Electronics"
"Network Routers","Electronics"
"Permanent Magnets","Electronics"
"TV Antennas","Electronics"
"Battery Holders","Electronics"
"Network Cards","Electronics"
"USB Hubs","Electronics"
"Network Adapters","Electronics"
"Car Mounts","Electronics"
"Capacitors","Electronics"
"Electronics Film Protectors","Electronics"
"Power Transformers","Electronics"
"DC-to-DC Converters","Electronics"
"Network Switches","Electronics"
"Computer Rack Hardware & Accessories","Electronics"
"Video Game Accessories","Electronics"
"Electronics Carrying Cases","Electronics"
"Audio Conferencing Phones","Electronics"
"Audio & Video Receivers","Electronics"
"Radio Communication Speakers","Electronics"
"USB Wi-Fi Adapters","Electronics"
"Network-Attached Storage Servers","Electronics"
"Computer Speakers","Electronics"
"Optical Recording Media","Electronics"
"Printer Drums","Electronics"
"Signal Repeaters","Electronics"
"Laptop Docking Stations","Electronics"
"Computer Scanners","Electronics"
"Telephone Cables","Electronics"
"Tablet Computers","Electronics"
"Computer Keyboards","Electronics"
"Computer Patch Panels","Electronics"
"Computer Tape Drives","Electronics"
"Remote Controls","Electronics"
"Cell Phone Signal Boosters","Electronics"
"Terminal Blocks","Electronics"
"Computer Keyboard Trays","Electronics"
"Computer Video Cards","Electronics"
"Motherboards","Electronics"
"Tablet Holders, Carriers & Cases","Electronics"
"Corded/Cordless Phone Combos","Electronics"
"Preamplifiers","Electronics"
"Pagers","Electronics"
"Disc & Tape Storage","Electronics"
"Computer Port Cards","Electronics"
"Radio Communication Earpieces & Headsets","Electronics"
"Portable Power Packs","Electronics"
"Printer Ribbons","Electronics"
"RAM Memory","Electronics"
"Computer Keyboard & Mouse Sets","Electronics"
"Computer Replacement Parts","Electronics"
"Smart Watches","Electronics"
"Screen Privacy Filters","Electronics"
"Network Switch Modules","Electronics"
"Streaming Media Players","Electronics"
"Car Dash Cameras","Electronics"
"CB Radios & Scanners","Electronics"
"GPS Devices","Electronics"
"Battery Storage Cases","Electronics"
"VoIP Phones","Electronics"
"KVM Switches","Electronics"
"Printer Trays & Feeders","Electronics"
"USB Lights","Electronics"
"Compressed Air Dusters","Electronics"
"Video Game Consoles","Electronics"
"CD Players","Electronics"
"Keyboard Protectors","Electronics"
"Portable Radios","Electronics"
"Button Cell Batteries","Electronics"
"Cell Phone Tool Kits","Electronics"
"Phone Grips","Electronics"
"Wireless Access Points","Electronics"
"GPS Chartplotters","Electronics"
"Boomboxes","Electronics"
"Electronic Touchpads","Electronics"
"Other Cell Phone Accessories","Electronics"
"Satellite TV Receivers","Electronics"
"Earbud Covers","Electronics"
"Electronics Port Dust Covers","Electronics"
"Portable Power Stations","Electronics"
"Electronics Cleaning Cloths","Electronics"
"Laptop Cooling Pads","Electronics"
"Processors","Electronics"
"Analog-to-Digital Converters","Electronics"
"Laptop Replacement Keyboards","Electronics"
"Intercoms","Electronics"
"Aerial Drone Controllers","Electronics"
"Radio Communication Antenna Tuners","Electronics"
"Print Servers","Electronics"
"Media Duplicators","Electronics"
"Equalizers","Electronics"
"Printers & All-in-Ones","Electronics"
"Photo Printers","Electronics"
"Personal Alarms","Electronics"
"Webcams","Electronics"
"Battery Backups","Electronics"
"Barcode Scanners","Electronics"
"GPS Antennas","Electronics"
"General Purpose Battery Chargers","Electronics"
"Electronics Cleaning Kits","Electronics"
"Cell Phones","Electronics"
"Video Game Controllers","Electronics"
"Security Alarms","Electronics"
"Keyboard Drawers & Platforms","Electronics"
"Headset Adapters","Electronics"
"Televisions","Electronics"
"Resistors","Electronics"
"Blu Ray & DVD Players","Electronics"
"Power Distribution Units","Electronics"
"Vehicle Charging Stations","Electronics"
"Printer Transfer Rollers","Electronics"
"Satellite Multiswitches","Electronics"
"Solar Generators","Electronics"
"Drone Propellers","Electronics"
"Drive Bay Caddies","Electronics"
"Disk Arrays","Electronics"
"Laptop Security Locks","Electronics"
"Video Capture Devices","Electronics"
"Diodes","Electronics"
"Disc Repairers","Electronics"
"Ham Radio Power Supplies","Electronics"
"Digital-to-Analog Converters","Electronics"
"Radar Detectors","Electronics"
"Network Security Devices","Electronics"
"Stylus Pens","Electronics"
"Other Home Audio Accessories","Electronics"
"Car Cassette Adapters","Electronics"
"Digital Disc Cleaners","Electronics"
"Printer Refills","Electronics"
"Network Testers","Electronics"
"Optical Disk Drives","Electronics"
"Laptop Cases","Electronics"
"Headphone Cases","Electronics"
"Voltage Regulator Integrated Circuits","Electronics"
"Digital Audio Players","Electronics"
"Tracking Devices","Electronics"
"Laptop Shells","Electronics"
"Sound Bars","Electronics"
"Line Conditioners","Electronics"
"Headphone Amplifiers","Electronics"
"Data Backup Media","Electronics"
"Compact Stereos","Electronics"
"Television Signal Amplifiers","Electronics"
"Printer Photoconductor Units","Electronics"
"Home Theater Systems","Electronics"
"Skins for Laptops","Electronics"
"Blank Video Tapes","Electronics"
"FM Transmitters","Electronics"
"Printer Transfer Belts","Electronics"
"Sound Cards","Electronics"
"Other TV & Video Accessories","Electronics"
"Armband Phone Cases","Electronics"
"Computer Monitor Covers","Electronics"
"Precision Tweezers","Electronics"
"Phone Shoulder Rests","Electronics"
"3D Glasses","Electronics"
"Voice Recorders","Electronics"
"Network Router Memory","Electronics"
"VR Headsets","Electronics"
"Wireless Repeaters & Transceivers","Electronics"
"Digital Video Recorders","Electronics"
"Jukeboxes","Electronics"
"Arcade Game Systems","Electronics"
"Skins for Cell Phones","Electronics"
"Wattmeters","Electronics"
"Printer Maintenance Kits","Electronics"
"Cable TV Boxes","Electronics"
"Distribution Amplifiers","Electronics"
"Electric Power Testers","Electronics"
"TV/DVD Player Combos","Electronics"
"Optical Lens Cleaners","Electronics"
"Portable Blu Ray & DVD Players","Electronics"
"Video Game Console Parts","Electronics"
"Cassette Tape Head Cleaners","Electronics"
"Magnetic Stripe Readers","Electronics"
"Skins for Video Games","Electronics"
"Vehicle Tracking Systems","Electronics"
"SIM Cards","Electronics"
"Phone Jacks","Electronics"
"Memory Card Adapters","Electronics"
"Aerial Drones","Electronics"
"Electronics Repair Suction Screen Removers","Electronics"
"Karaoke Song Cartridges","Electronics"
"Printer Finishers","Electronics"
"Modems","Electronics"
"Copiers","Electronics"
"Graphics Tablets","Electronics"
"Ham Radio Transceivers","Electronics"
"Blank Audio Tapes","Electronics"
"Phone Amplifiers","Electronics"
"Memory Card Holders","Electronics"
"PBX Phone Systems","Electronics"
"Art Paints & Pigment Powders","Crafts"
"Art & Craft Kits","Crafts"
"Paper & Cardboard Cutouts","Crafts"
"Floral Picks","Crafts"
"Airbrush Kits","Crafts"
"Craft Paper","Crafts"
"Art Brushes","Crafts"
"Art Boards & Canvas","Crafts"
"Craft Pom Poms","Crafts"
"Art Easels","Crafts"
"Adhesive Dots","Crafts"
"Art Pads & Paper","Crafts"
"Art Pastels","Crafts"
"Fabric Paints","Crafts"
"Screen Printing Accessories","Crafts"
"Other Ceramic & Pottery Supplies","Crafts"
"Other Art Supplies","Crafts"
"Jewelry Making Polishes","Crafts"
"Ribbons & Bows","Crafts"
"Sewing Thread","Crafts"
"Fabric Dyes","Crafts"
"Craft & Hobby Storage Bags & Cases","Crafts"
"Stickers","Crafts"
"Sand Art Supplies","Crafts"
"Papier-Mache Boxes & Shapes","Crafts"
"String & Twine","Crafts"
"Other Airbrush Supplies","Crafts"
"Construction Paper","Crafts"
"Ceramics Glazes","Crafts"
"Clays & Doughs","Crafts"
"Art Stencils & Templates","Crafts"
"Art Pencils","Crafts"
"Pottery Wheel Accessories","Crafts"
"Art Charcoals","Crafts"
"Sewing Patches & Appliques","Crafts"
"Sewing Machines","Crafts"
"Engravers","Crafts"
"Jewelry Making & Beading Kits","Crafts"
"Other Sewing Accessories","Crafts"
"Crayons","Crafts"
"Art Paint Primers","Crafts"
"Craft Knives & Cutters","Crafts"
"Printing Presses","Crafts"
"Jewelry Casting Machines","Crafts"
"Pottery Wheels","Crafts"
"Floral Arranging Supplies","Crafts"
"Coloring Books","Crafts"
"Stamps & Stamp Sets","Crafts"
"Craft Sticks","Crafts"
"Yarn","Crafts"
"Framing Matboard & Mounting Board","Crafts"
"Art Paint Finishes","Crafts"
"Printmaking Inks","Crafts"
"Leathercraft Accessories","Crafts"
"Unfinished Wood","Crafts"
"Embossing Machines","Crafts"
"Heat Guns","Crafts"
"Paper Making Kits","Crafts"
"Art Paint Sealers","Crafts"
"Die-Cut Machines","Crafts"
"Die-Cut Dies","Crafts"
"Paint Strainers","Crafts"
"Gift Wrap Tissue","Crafts"
"Gift Bags","Crafts"
"Glitter","Crafts"
"Art Sets","Crafts"
"Sewing Fasteners","Crafts"
"Sewing Pins","Crafts"
"Replacement Cutting Blades","Crafts"
"Art & Craft Filling","Crafts"
"Gift Boxes","Crafts"
"Art Tool Cleaners","Crafts"
"Craft Wire","Crafts"
"Craft Feathers","Crafts"
"Finger Paints","Crafts"
"Sewing & Craft Fabric","Crafts"
"Sewing Patterns & Templates","Crafts"
"Artwork Cases & Portfolios","Crafts"
"Thimbles","Crafts"
"Weaving Looms","Crafts"
"Play Doughs","Crafts"
"Embossing Tools","Crafts"
"Sculpture Modeling Compounds","Crafts"
"Art Palettes","Crafts"
"Soap Making Kits","Crafts"
"Card Making Kits","Crafts"
"Art & Craft Tape","Crafts"
"Art & Craft Styrofoam","Crafts"
"Glue Gun Sticks","Crafts"
"Stained Glass Kits","Crafts"
"Screen Printing Kits","Crafts"
"Craft Bells","Crafts"
"Cutting Mats","Crafts"
"Chipboard","Crafts"
"Jewelry Making Chain","Crafts"
"Sculpting Tools & Kits","Crafts"
"Sticker Machines","Crafts"
"Art Paint Sponges","Crafts"
"Craft Eyes","Crafts"
"Molding & Casting Materials & Kits","Crafts"
"Carving Tools & Kits","Crafts"
"Transfer Paper","Crafts"
"Hand-Sewing Needles","Crafts"
"Fabric Stabilizers","Crafts"
"Art Paint Mediums","Crafts"
"Craft Vinyl","Crafts"
"Craft & Hobby Drying & Print Racks","Crafts"
"Gift Wrap Paper","Crafts"
"Stamp Ink Pads","Crafts"
"Jewelry Clasps & Hooks","Crafts"
"Jewelry Stringing Materials","Crafts"
"Etching & Lithography Plates","Crafts"
"Crochet Hooks","Crafts"
"Pom Pom Makers","Crafts"
"Printing Press Accessories","Crafts"
"Drawing Art Blenders","Crafts"
"Jewelry Jump Rings & Split Rings","Crafts"
"Latch Rug Canvases","Crafts"
"Knitting Needles","Crafts"
"Clay & Dough Extruders & Presses","Crafts"
"Scrapbooking Embellishments","Crafts"
"Bookbinding Supplies","Crafts"
"Sewing Trim & Embellishments","Crafts"
"Frame Sections & Parts","Crafts"
"Marking & Tracing Tools","Crafts"
"Metal Leafing Supplies","Crafts"
"Embroidery Floss","Crafts"
"Quilting Batting","Crafts"
"Bobbin Winders","Crafts"
"Mosaic Making Kits & Supplies","Crafts"
"Leather Strips & Shapes","Crafts"
"Sewing Cabinets","Crafts"
"Repair Patch Kits","Crafts"
"Art Paint Thinners","Crafts"
"Drawing Boards","Crafts"
"Craft & Modeling Wire","Crafts"
"Quilting Frames","Crafts"
"Basketry Materials","Crafts"
"Dress Forms","Crafts"
"Fabric Care & Repair Products","Crafts"
"Leather Stamps","Crafts"
"Sewing Machine Parts & Accessories","Crafts"
"Felting Needle Tools","Crafts"
"Die-Cut Plates","Crafts"
"Mannequin Heads","Crafts"
"Other Beading & Jewelry Making Supplies","Crafts"
"Scratchboards","Crafts"
"Wood Burning Tools","Crafts"
"Glue Guns","Crafts"
"Cellophane","Crafts"
"Yarn & Ribbon Needles","Crafts"
"Clay Machines","Crafts"
"Cross-Stitch Kits","Crafts"
"Photo Mounting Corners","Crafts"
"Artist Manikins","Crafts"
"Jewelry Findings","Crafts"
"Art Aprons","Crafts"
"Fabric Interfacing","Crafts"
"Airbrush Guns","Crafts"
"Scrapbooking Kits","Crafts"
"Frame Molding & Frame Making Kits","Crafts"
"Screen Printing Chemicals","Crafts"
"Etching & Lithography Tools","Crafts"
"Craft Molds","Crafts"
"Art Palette Knives","Crafts"
"Bobbins","Crafts"
"Airbrush Hoses","Crafts"
"Gift Tags","Crafts"
"Backing Boards","Crafts"
"Sewing Sets & Kits","Crafts"
"Knitting Looms","Crafts"
"Sewing & Craft Elastic","Crafts"
"Art Smocks","Crafts"
"Relief Printing Materials","Crafts"
"Craft Shells","Crafts"
"Tube Wringers","Crafts"
"Paper Edgers","Crafts"
"Calligraphy Sets","Crafts"
"Stamp Pad Ink","Crafts"
"Wool Roving","Crafts"
"Art & Blueprint Tubes","Crafts"
"Jewelry Making Pliers","Crafts"
"Ceramics Kilns","Crafts"
"Needlework Hoops","Crafts"
"Wax Molding Materials","Crafts"
"Other Quilting Accessories","Crafts"
"Leather Punches","Crafts"
"Pincushions","Crafts"
"Replacement Easel Trays","Crafts"
"Basketry Basket Bases","Crafts"
"Other Scrapbooking Supplies","Crafts"
"Candle Wax","Crafts"
"Precut Quilt Squares","Crafts"
"Framing Tools","Crafts"
"Crochet Thread","Crafts"
"Bead Looms","Crafts"
"Glass Cutting Tools","Crafts"
"Sewing Machine Needles","Crafts"
"Latch Hook & Rug Making Kits","Crafts"
"Airbrush Cleaners","Crafts"
"Fabric Painting & Dyeing Fixatives","Crafts"
"Scrapbooking Quilling Strips & Kits","Crafts"
"Raffia","Crafts"
"Leathercraft Kits","Crafts"
"Needlepoint Kits","Crafts"
"Embroidery Kits","Crafts"
"Knitting & Crochet Stitch Counters","Crafts"
"Embossing Powders","Crafts"
"Seam Rippers","Crafts"
"Cross-Stitch Aida Cloth","Crafts"
"Other Knitting & Crochet Supplies","Crafts"
"Craft Dyes","Crafts"
"Threaders","Crafts"
"Embossing Plates","Crafts"
"Scratchboard Art Tools & Kits","Crafts"
"Scrapbooking Tool Kits","Crafts"
"Knitting Kits","Crafts"
"Quilting Basting Guns","Crafts"
"Quilting Clips","Crafts"
"Weaving Ball Winders","Crafts"
"Crochet Kits","Crafts"
"Craft Sealing Wax","Crafts"
"Knitting Machines","Crafts"
"Sewing Baskets","Crafts"
"Sewing Bias Tape","Crafts"
"Soap Making Bases","Crafts"
"Basketry Coiling Core","Crafts"
"Sewing Machine Presser Feet","Crafts"
"Eyelets & Brads","Crafts"
"Beauty Supply Making Fixed Oils & Waxes","Crafts"
"Decoupage Tools & Sets","Crafts"
"Sewing Hem Tape","Crafts"
"Knitting & Crochet Stitch Markers","Crafts"
"Jewel Setter Tools","Crafts"
"Other Needlework Supplies","Crafts"
"Scrapbooking Quilling Tools","Crafts"
"Knitting & Crochet Needle Gauge Checks","Crafts"
"Photo Mounts","Crafts"
"Candle Making Kits","Crafts"
"Thread Racks","Crafts"
"Stitch Holders","Crafts"
"Other Fabric Painting & Dyeing Supplies","Crafts"
"Beading Needles","Crafts"
"Bead Boards","Crafts"
"Earring Components","Crafts"
"Quilting Fabric Assortments","Crafts"
"Fashion Shoulder Pads","Crafts"
"Trading Card Sleeves & Holders","Collectibles & Memorabilia"
"Trading Cards","Collectibles & Memorabilia"
"Collectible Buildings","Collectibles & Memorabilia"
"Photo Mints","Collectibles & Memorabilia"
"Collectible Ephemera","Collectibles & Memorabilia"
"Coins","Collectibles & Memorabilia"
"Autographed Collectibles","Collectibles & Memorabilia"
"T-Shirts","Clothing, Shoes & Accessories"
"Tiaras, Crowns & Wreaths","Clothing, Shoes & Accessories"
"Button Pins","Clothing, Shoes & Accessories"
"Outerwear Coats","Clothing, Shoes & Accessories"
"Workwear Overalls & Coveralls","Clothing, Shoes & Accessories"
"Walking Canes","Clothing, Shoes & Accessories"
"Shoe Ice & Snow Grips","Clothing, Shoes & Accessories"
"Keychains","Clothing, Shoes & Accessories"
"Pantyhose & Tights","Clothing, Shoes & Accessories"
"Sweatshirts & Hoodies","Clothing, Shoes & Accessories"
"Wallets","Clothing, Shoes & Accessories"
"Tank Tops","Clothing, Shoes & Accessories"
"Workwear Uniform Aprons","Clothing, Shoes & Accessories"
"Surgical Gowns","Clothing, Shoes & Accessories"
"Polos","Clothing, Shoes & Accessories"
"Shorts","Clothing, Shoes & Accessories"
"Socks","Clothing, Shoes & Accessories"
"Gloves & Mittens","Clothing, Shoes & Accessories"
"Lab Coats","Clothing, Shoes & Accessories"
"Shapewear","Clothing, Shoes & Accessories"
"Sandals","Clothing, Shoes & Accessories"
"Slippers","Clothing, Shoes & Accessories"
"Corsets & Bustiers","Clothing, Shoes & Accessories"
"Boots","Clothing, Shoes & Accessories"
"Baby Bodysuits & One-Pieces","Clothing, Shoes & Accessories"
"Hats","Clothing, Shoes & Accessories"
"Sashes","Clothing, Shoes & Accessories"
"Rain Umbrellas","Clothing, Shoes & Accessories"
"Outerwear Vests","Clothing, Shoes & Accessories"
"Pants","Clothing, Shoes & Accessories"
"Panties","Clothing, Shoes & Accessories"
"Sunglasses","Clothing, Shoes & Accessories"
"Handbags","Clothing, Shoes & Accessories"
"Bras","Clothing, Shoes & Accessories"
"Dresses","Clothing, Shoes & Accessories"
"Outfit Sets","Clothing, Shoes & Accessories"
"Workwear Uniform Jackets","Clothing, Shoes & Accessories"
"Stockings","Clothing, Shoes & Accessories"
"Belts","Clothing, Shoes & Accessories"
"Hair Extensions","Clothing, Shoes & Accessories"
"Ponytail Holders & Scrunchies","Clothing, Shoes & Accessories"
"Other Worn Fashion Accessories","Clothing, Shoes & Accessories"
"Business & Credit Card Cases","Clothing, Shoes & Accessories"
"Bodysuits","Clothing, Shoes & Accessories"
"Blouses & Tops","Clothing, Shoes & Accessories"
"Hair Barrettes, Pins & Clips","Clothing, Shoes & Accessories"
"Bandanas","Clothing, Shoes & Accessories"
"Parasols","Clothing, Shoes & Accessories"
"Workwear Uniform Hats","Clothing, Shoes & Accessories"
"Wristbands","Clothing, Shoes & Accessories"
"Outerwear Jackets","Clothing, Shoes & Accessories"
"Boas & Leis","Clothing, Shoes & Accessories"
"Shoelaces","Clothing, Shoes & Accessories"
"Hand Fans","Clothing, Shoes & Accessories"
"Credit Card Holders","Clothing, Shoes & Accessories"
"Sleepwear Robes & Bathrobes","Clothing, Shoes & Accessories"
"Underpants","Clothing, Shoes & Accessories"
"Fancy-Dress Costumes","Clothing, Shoes & Accessories"
"Shoe Repair Glue","Clothing, Shoes & Accessories"
"Coin Purses","Clothing, Shoes & Accessories"
"Neckties","Clothing, Shoes & Accessories"
"Shoe Odor Control","Clothing, Shoes & Accessories"
"Nightgowns & Sleepshirts","Clothing, Shoes & Accessories"
"Fanny Packs","Clothing, Shoes & Accessories"
"Fashion Headbands","Clothing, Shoes & Accessories"
"Lingerie Sets","Clothing, Shoes & Accessories"
"Casual & Dress Shoes","Clothing, Shoes & Accessories"
"Suspenders","Clothing, Shoes & Accessories"
"Shoe Polish","Clothing, Shoes & Accessories"
"Sweatpants","Clothing, Shoes & Accessories"
"Skirts","Clothing, Shoes & Accessories"
"Teddies & Bodystockings","Clothing, Shoes & Accessories"
"Boots - Cowboy Boots","Clothing, Shoes & Accessories"
"Rain Suits","Clothing, Shoes & Accessories"
"Key Cases","Clothing, Shoes & Accessories"
"Scarves","Clothing, Shoes & Accessories"
"Money Clips","Clothing, Shoes & Accessories"
"Maternity Support Belts","Clothing, Shoes & Accessories"
"Handkerchiefs","Clothing, Shoes & Accessories"
"Button-Up Shirts","Clothing, Shoes & Accessories"
"Suit Jackets, Blazers & Sport Coats","Clothing, Shoes & Accessories"
"Jumpsuits","Clothing, Shoes & Accessories"
"Bikini & Tankini Tops","Clothing, Shoes & Accessories"
"Sweaters","Clothing, Shoes & Accessories"
"Unitards & Leotards","Clothing, Shoes & Accessories"
"Ear Warmers","Clothing, Shoes & Accessories"
"Traditional Cheongsams","Clothing, Shoes & Accessories"
"Rain Ponchos","Clothing, Shoes & Accessories"
"Leggings","Clothing, Shoes & Accessories"
"Rompers","Clothing, Shoes & Accessories"
"Fashion Jackets","Clothing, Shoes & Accessories"
"Nipple Covers","Clothing, Shoes & Accessories"
"Workwear Uniform Outfit Sets","Clothing, Shoes & Accessories"
"Boots - Rain Boots","Clothing, Shoes & Accessories"
"Traditional Lederhosens","Clothing, Shoes & Accessories"
"Workwear Uniform Vests","Clothing, Shoes & Accessories"
"Hat, Scarf & Glove Sets","Clothing, Shoes & Accessories"
"Shapewear Panties","Clothing, Shoes & Accessories"
"Bib Snow Pants","Clothing, Shoes & Accessories"
"Workwear Uniform Tops","Clothing, Shoes & Accessories"
"Slips","Clothing, Shoes & Accessories"
"Leg Warmers","Clothing, Shoes & Accessories"
"Handbag Hook Hangers","Clothing, Shoes & Accessories"
"Garter Belts","Clothing, Shoes & Accessories"
"Flight Suits","Clothing, Shoes & Accessories"
"Pajamas","Clothing, Shoes & Accessories"
"Safety Shoes & Boots","Clothing, Shoes & Accessories"
"Shoe Insoles & Inserts","Clothing, Shoes & Accessories"
"Rain Coats","Clothing, Shoes & Accessories"
"Boots - Ankle Boots","Clothing, Shoes & Accessories"
"Shoe Dryers","Clothing, Shoes & Accessories"
"Dress Shirts","Clothing, Shoes & Accessories"
"Leather & Suede Care","Clothing, Shoes & Accessories"
"Hair Accessory Sets","Clothing, Shoes & Accessories"
"Belt Buckles","Clothing, Shoes & Accessories"
"One-Piece Swimsuits","Clothing, Shoes & Accessories"
"Shoe Horns & Boot Jacks","Clothing, Shoes & Accessories"
"Swimsuit Sets","Clothing, Shoes & Accessories"
"Military Uniforms","Clothing, Shoes & Accessories"
"Jeans","Clothing, Shoes & Accessories"
"Sports Bras","Clothing, Shoes & Accessories"
"Costume Masks","Clothing, Shoes & Accessories"
"Hairnets","Clothing, Shoes & Accessories"
"Long Underwear","Clothing, Shoes & Accessories"
"Bolo Ties","Clothing, Shoes & Accessories"
"Checkbook Covers","Clothing, Shoes & Accessories"
"Shoe Trees & Boot Shapers","Clothing, Shoes & Accessories"
"Snowsuits","Clothing, Shoes & Accessories"
"Garters","Clothing, Shoes & Accessories"
"Capris","Clothing, Shoes & Accessories"
"Baby Sleepsacks","Clothing, Shoes & Accessories"
"Capes & Cloaks","Clothing, Shoes & Accessories"
"Wigs & Toupees","Clothing, Shoes & Accessories"
"Shoe Decoration Charms","Clothing, Shoes & Accessories"
"Lingerie Camisoles","Clothing, Shoes & Accessories"
"Shoe Brushes","Clothing, Shoes & Accessories"
"Purse Handles","Clothing, Shoes & Accessories"
"Swimwear Cover-Ups","Clothing, Shoes & Accessories"
"Sunglasses Replacement Lenses","Clothing, Shoes & Accessories"
"Other Underwear & Lingerie Accessories","Clothing, Shoes & Accessories"
"Eyeglass Chains & Cords","Clothing, Shoes & Accessories"
"Swimwear Bottoms","Clothing, Shoes & Accessories"
"Leather & Suede Dye","Clothing, Shoes & Accessories"
"Costume Accessories","Clothing, Shoes & Accessories"
"Thigh Shapers","Clothing, Shoes & Accessories"
"Handbag Organizers & Inserts","Clothing, Shoes & Accessories"
"Costume Facial Hair","Clothing, Shoes & Accessories"
"Costume Wigs","Clothing, Shoes & Accessories"
"Traditional Kurtas","Clothing, Shoes & Accessories"
"Athletic Rash Guards","Clothing, Shoes & Accessories"
"Costume Wings","Clothing, Shoes & Accessories"
"Catsuits","Clothing, Shoes & Accessories"
"Costume Glasses","Clothing, Shoes & Accessories"
"Academic & Judicial Robes","Clothing, Shoes & Accessories"
"Overalls","Clothing, Shoes & Accessories"
"Outerwear Coats, Jackets & Vests","Clothing, Shoes & Accessories"
"Traditional Kimonos","Clothing, Shoes & Accessories"
"Shrugs & Boleros","Clothing, Shoes & Accessories"
"Costume Capes & Cloaks","Clothing, Shoes & Accessories"
"Religious Vestments","Clothing, Shoes & Accessories"
"Arm Warmers","Clothing, Shoes & Accessories"
"Traditional Cholis","Clothing, Shoes & Accessories"
"Undershirts","Clothing, Shoes & Accessories"
"Snow Jackets","Clothing, Shoes & Accessories"
"Shoe Bags","Clothing, Shoes & Accessories"
"Bag Charms","Clothing, Shoes & Accessories"
"Scarves, Shawls & Wraps","Clothing, Shoes & Accessories"
"Shoe Care Kits","Clothing, Shoes & Accessories"
"Gaiters","Clothing, Shoes & Accessories"
"Fascinators","Clothing, Shoes & Accessories"
"Digital Microscopes","Cameras, Photography & Optics"
"Camera Lenses","Cameras, Photography & Optics"
"Vehicle Backup Cameras","Cameras, Photography & Optics"
"Photography Lighting Stands & Booms","Cameras, Photography & Optics"
"Standard Optical Microscopes","Cameras, Photography & Optics"
"Camera Flash Diffusers","Cameras, Photography & Optics"
"Photo Studio Backgrounds","Cameras, Photography & Optics"
"Other Microscope Accessories","Cameras, Photography & Optics"
"Photo Studio Posing Props","Cameras, Photography & Optics"
"Surveillance Cameras","Cameras, Photography & Optics"
"Tripod Heads","Cameras, Photography & Optics"
"Microscope Prepared Slides","Cameras, Photography & Optics"
"Telescopes","Cameras, Photography & Optics"
"Binoculars","Cameras, Photography & Optics"
"Magnifying Glasses","Cameras, Photography & Optics"
"Tripods","Cameras, Photography & Optics"
"Digital Cameras","Cameras, Photography & Optics"
"Camera Bags & Cases","Cameras, Photography & Optics"
"Selfie Sticks","Cameras, Photography & Optics"
"Underwater Cameras","Cameras, Photography & Optics"
"Camera & Camcorder Mounts","Cameras, Photography & Optics"
"Transparency Lightboxes & Light Tables","Cameras, Photography & Optics"
"Tripod Cases","Cameras, Photography & Optics"
"Video Switchers","Cameras, Photography & Optics"
"Instant Cameras","Cameras, Photography & Optics"
"Lens Mount Adapters","Cameras, Photography & Optics"
"Camera Flashes","Cameras, Photography & Optics"
"Photography Lighting Reflectors","Cameras, Photography & Optics"
"Lens Filters","Cameras, Photography & Optics"
"Electron Microscopes","Cameras, Photography & Optics"
"Photography Lighting Barn Doors","Cameras, Photography & Optics"
"Other Camera Accessories","Cameras, Photography & Optics"
"Video Monitors","Cameras, Photography & Optics"
"Photo Albums","Cameras, Photography & Optics"
"Surveillance Camera Housings","Cameras, Photography & Optics"
"Other Optics Accessories","Cameras, Photography & Optics"
"Dummy Cameras","Cameras, Photography & Optics"
"Riflescopes & Sights","Cameras, Photography & Optics"
"Microscope Eyepiece Cameras","Cameras, Photography & Optics"
"Photography Softboxes","Cameras, Photography & Optics"
"Lens Caps","Cameras, Photography & Optics"
"Surveillance Video Recorders & Players","Cameras, Photography & Optics"
"Video Cameras","Cameras, Photography & Optics"
"Camera Stabilizers","Cameras, Photography & Optics"
"Microscope Blank Slides","Cameras, Photography & Optics"
"Monoculars","Cameras, Photography & Optics"
"Photography Lighting Umbrellas","Cameras, Photography & Optics"
"Loupes","Cameras, Photography & Optics"
"Rangefinders","Cameras, Photography & Optics"
"Microscope Slide Cover Slips","Cameras, Photography & Optics"
"Digital Photo Frames","Cameras, Photography & Optics"
"Microscope Slide Holders","Cameras, Photography & Optics"
"Camera Accessory Bundles","Cameras, Photography & Optics"
"Photography Lighting Mounting Hardware","Cameras, Photography & Optics"
"Camera Straps","Cameras, Photography & Optics"
"Camera Remote Controls","Cameras, Photography & Optics"
"Video Camera Parts","Cameras, Photography & Optics"
"Opera Glasses","Cameras, Photography & Optics"
"Binoculars Cases","Cameras, Photography & Optics"
"Telescope Eyepieces","Cameras, Photography & Optics"
"Lens Hoods","Cameras, Photography & Optics"
"Photography Light Tents","Cameras, Photography & Optics"
"Archival Photo & Negative Sleeves","Cameras, Photography & Optics"
"Photo Album Refills","Cameras, Photography & Optics"
"Riflescope Mounts, Rings & Bases","Cameras, Photography & Optics"
"Lens Extension Tubes","Cameras, Photography & Optics"
"Camera Film","Cameras, Photography & Optics"
"Telescope Mounts","Cameras, Photography & Optics"
"Chain & Rope Fittings","Business & Industrial"
"Transducers","Business & Industrial"
"Protective Eyewear","Business & Industrial"
"Safety Barriers","Business & Industrial"
"Workwear Safety Gloves","Business & Industrial"
"Commercial Refrigerators","Business & Industrial"
"Study Carrels","Business & Industrial"
"Display Cases","Business & Industrial"
"Gas Cutting Torches","Business & Industrial"
"Other Hydraulics & Pneumatics","Business & Industrial"
"Micrometers","Business & Industrial"
"Science Models & Kits","Business & Industrial"
"Lab Distillation Apparatus","Business & Industrial"
"Pulley Blocks","Business & Industrial"
"Safety & Caution Tape","Business & Industrial"
"Metals","Business & Industrial"
"Recycling Bins","Business & Industrial"
"Plastics Raw Materials","Business & Industrial"
"Shopping Carts","Business & Industrial"
"Stanchions","Business & Industrial"
"Lockout & Tagout Devices","Business & Industrial"
"Abrasives","Business & Industrial"
"Warning Lights & Beacons","Business & Industrial"
"Temperature Indicators","Business & Industrial"
"Lab Analytical Balances","Business & Industrial"
"Chart Recorder Paper","Business & Industrial"
"Pullers","Business & Industrial"
"Pepper Spray","Business & Industrial"
"Oscilloscopes","Business & Industrial"
"Dimensional Measurement Gauges","Business & Industrial"
"Replacement Hydraulic Cylinders","Business & Industrial"
"Fire Blankets","Business & Industrial"
"Wheel Chocks & Stops","Business & Industrial"
"Hardness Testers","Business & Industrial"
"Dust & Pollen Masks","Business & Industrial"
"Material Handling Equipment Wheels","Business & Industrial"
"Other Electronic Components","Business & Industrial"
"Viscometers","Business & Industrial"
"Lab Vacuum Chambers","Business & Industrial"
"Protective Sleeves","Business & Industrial"
"Foam Board","Business & Industrial"
"Safety Harnesses","Business & Industrial"
"Test Probes & Leads","Business & Industrial"
"Other Lab Equipment","Business & Industrial"
"Drum & Pail Lids","Business & Industrial"
"Electronic Component Sensors","Business & Industrial"
"Protective Ear Muffs","Business & Industrial"
"Shims & Shim Stock Raw Materials","Business & Industrial"
"Janitor-Housekeeping Carts","Business & Industrial"
"Motor Drives","Business & Industrial"
"Take-Out Containers","Business & Industrial"
"Desiccants","Business & Industrial"
"Safety Vests","Business & Industrial"
"Protective Hardhats & Helmets","Business & Industrial"
"Safety Floor Markers","Business & Industrial"
"Anatomy Models","Business & Industrial"
"Reagent Bottles","Business & Industrial"
"Safety Cones & Triangles","Business & Industrial"
"Back Support Belts","Business & Industrial"
"Dispensing Bottles","Business & Industrial"
"Lab Face Masks & Shields","Business & Industrial"
"Conveyor Belting","Business & Industrial"
"Lab Glassware","Business & Industrial"
"Respirators","Business & Industrial"
"Loading Dock Bumpers","Business & Industrial"
"Workwear Knee Pads","Business & Industrial"
"Lab Specimen Collection Containers","Business & Industrial"
"Lab Syringes","Business & Industrial"
"Warning Alarms & Sirens","Business & Industrial"
"Other Labware","Business & Industrial"
"Lab Sharps Containers","Business & Industrial"
"Protective Boot & Shoe Covers","Business & Industrial"
"Multimeters","Business & Industrial"
"Thermohygrometers","Business & Industrial"
"Thermal Imaging Cameras","Business & Industrial"
"Drum Pumps","Business & Industrial"
"Calibration Weights","Business & Industrial"
"Solenoids","Business & Industrial"
"Data Loggers","Business & Industrial"
"Other Material Handling Products","Business & Industrial"
"Sorbents","Business & Industrial"
"Bunsen Burners","Business & Industrial"
"Sandbags & Flood Guards","Business & Industrial"
"Glass Raw Materials","Business & Industrial"
"Retail Display Cases","Business & Industrial"
"Other Indoor & Outdoor Safety","Business & Industrial"
"Motion Actuated Switches","Business & Industrial"
"Other Test & Measurement Equipment","Business & Industrial"
"Beakers","Business & Industrial"
"Motor Starters","Business & Industrial"
"Printed Circuit Boards","Business & Industrial"
"Vacuum Pumps","Business & Industrial"
"Lab Evaporators","Business & Industrial"
"Eye Wash Units","Business & Industrial"
"Other Occupational Health","Business & Industrial"
"Lab Supply Dispensers","Business & Industrial"
"Sanitary Products Receptacles","Business & Industrial"
"Medical Reflex Hammers","Business & Industrial"
"Borescopes","Business & Industrial"
"Textile Raw Materials","Business & Industrial"
"Toilet Seat Covers","Business & Industrial"
"Pipettor Accessories","Business & Industrial"
"Drum & Pail Openers & Closers","Business & Industrial"
"Lab Shakers","Business & Industrial"
"Micrometer Heads","Business & Industrial"
"Magnetic Stirrers","Business & Industrial"
"Lab Dissecting Equipment & Kits","Business & Industrial"
"Drum & Pail Mixers","Business & Industrial"
"Mannequins","Business & Industrial"
"Chemistry Experiment Kits","Business & Industrial"
"Carports","Business & Industrial"
"pH Test Strips","Business & Industrial"
"Frequency Counters & Pulse Generators","Business & Industrial"
"Other Scientific Instruments","Business & Industrial"
"Bench Top Power Supplies","Business & Industrial"
"Lab Scalpel Blades","Business & Industrial"
"Speed Reducers","Business & Industrial"
"Optoelectronic Displays","Business & Industrial"
"Fire Hoods","Business & Industrial"
"Fire Hoses","Business & Industrial"
"Current Testers","Business & Industrial"
"Drum & Pail Heaters","Business & Industrial"
"Forklift Booms","Business & Industrial"
"Chemical Standards","Business & Industrial"
"Lab Spill Control & Response Supplies","Business & Industrial"
"Inspection Mirrors","Business & Industrial"
"Wind Turbine Systems","Business & Industrial"
"Hydrometers","Business & Industrial"
"Gas Monitors","Business & Industrial"
"Compressed Air Filters","Business & Industrial"
"Lab Baths","Business & Industrial"
"Lab Centrifuges","Business & Industrial"
"Educational Orbiters","Business & Industrial"
"Pipettes","Business & Industrial"
"Lab Heating Mantles","Business & Industrial"
"Vending Machines","Business & Industrial"
"Wash Bottles","Business & Industrial"
"Test Tube Racks","Business & Industrial"
"Flow Switches","Business & Industrial"
"Labware Closures","Business & Industrial"
"Lab Spoons, Spatulas & Scoops","Business & Industrial"
"Slatwall Shelves","Business & Industrial"
"Gage Blocks","Business & Industrial"
"Anemometers","Business & Industrial"
"Medical Pinwheels","Business & Industrial"
"Fall-Arrest Kits","Business & Industrial"
"Lab Incubators","Business & Industrial"
"Loading Dock Plates","Business & Industrial"
"Water Coolant Systems","Business & Industrial"
"Optoelectronic Lamps","Business & Industrial"
"Bioreagents","Business & Industrial"
"Lab Syringe Needles","Business & Industrial"
"Gage Block Accessories","Business & Industrial"
"Lab Scalpels","Business & Industrial"
"Circuit Tracers & Analyzers","Business & Industrial"
"Lab Chromatography Paper","Business & Industrial"
"Rosin Presses","Business & Industrial"
"Lab Heat Blocks","Business & Industrial"
"Attenuators","Business & Industrial"
"Hygrometers","Business & Industrial"
"Deck Ovens","Business & Industrial"
"Barometers","Business & Industrial"
"Rubber Raw Materials","Business & Industrial"
"Fume Extractor Arms","Business & Industrial"
"Printed Circuit Assemblies","Business & Industrial"
"Commercial Vacuums","Business & Industrial"
"Motor Contactors","Business & Industrial"
"Necklace Bust","Business & Industrial"
"Sand","Business & Industrial"
"Manometers","Business & Industrial"
"Fiber Optic Connectors","Business & Industrial"
"Lab Test Sieves","Business & Industrial"
"Hazardous Waste Storage Containers","Business & Industrial"
"Refractometers","Business & Industrial"
"Chemical Solvents","Business & Industrial"
"Welding Cable Connectors","Business & Industrial"
"Electrophoresis Systems","Business & Industrial"
"Electrolyte Solutions","Business & Industrial"
"Electromechanical Controllers","Business & Industrial"
"Radiometers","Business & Industrial"
"Lab Agar Media","Business & Industrial"
"Vials","Business & Industrial"
"IO Modules","Business & Industrial"
"Calibration Standard Rods","Business & Industrial"
"Pipette Tips","Business & Industrial"
"Pressure Transmitters","Business & Industrial"
"Conveyor Ovens","Business & Industrial"
"pH Meters","Business & Industrial"
"Other Drum Equipment","Business & Industrial"
"Oscilloscope Accessories","Business & Industrial"
"Endoscopes","Business & Industrial"
"Stone Raw Materials","Business & Industrial"
"Digital Signal Processors","Business & Industrial"
"Lightning Rods","Business & Industrial"
"Chemical Acids","Business & Industrial"
"Beading Machines","Business & Industrial"
"Air Cylinder Speed Controllers","Business & Industrial"
"Chemical Bases","Business & Industrial"
"Slatwall Panels","Business & Industrial"
"Movies","Books, Music & Movies"
"Music","Books, Music & Movies"
"Books","Books, Music & Movies"
"TV Shows","Books, Music & Movies"
"Manuals & Guides","Books, Music & Movies"
"Sheet Music","Books, Music & Movies"
"Comics","Books, Music & Movies"
"Magazines","Books, Music & Movies"
"Baby Bibs","Baby"
"Other Baby Feeding Supplies","Baby"
"Edge & Corner Guards","Baby"
"Baby Playmats","Baby"
"Cloth Baby Diapers","Baby"
"Baby Safety Locks","Baby"
"Breast Pump Accessory Sets","Baby"
"Baby Layette & Gift Sets","Baby"
"Burp Cloths","Baby"
"Nursing Pads","Baby"
"Safety Gate Extensions & Kits","Baby"
"Baby Play Yards","Baby"
"Baby Safety Harnesses & Leashes","Baby"
"Baby Monitors","Baby"
"Baby Safety Gates","Baby"
"Diaper Changing Pad Covers","Baby"
"Stroller Accessories","Baby"
"Pregnancy Pillows","Baby"
"Baby Blankets","Baby"
"Diaper Bags","Baby"
"Stroller Weather Shields","Baby"
"Baby Safety Outlet Covers","Baby"
"Baby Mobiles","Baby"
"Other Baby Safety Supplies","Baby"
"Diaper Organizers","Baby"
"Diaper Fasteners","Baby"
"Toilet Training Seats","Baby"
"Baby Car Seat Mirrors","Baby"
"Baby Sleep Sound Machines & Soothers","Baby"
"Breast Pumps","Baby"
"Baby Bottle Nipples","Baby"
"Toilet Training Potties","Baby"
"Baby Activity Centers","Baby"
"Sippy Cups","Baby"
"Baby Bath Thermometers","Baby"
"Baby Safety Rails","Baby"
"Other Breastfeeding & Pumping Supplies","Baby"
"Bedwetting Alarms","Baby"
"Stroller Attachments","Baby"
"Baby Gyms","Baby"
"Stroller Organizers","Baby"
"Nasal Aspirators","Baby"
"Baby Rattles","Baby"
"Booster Seats","Baby"
"Disposable Baby Diapers","Baby"
"Baby Bottle & Breast Pump Part Sterilizers","Baby"
"Baby Food Makers","Baby"
"Baby Teethers","Baby"
"Bath Faucet Covers","Baby"
"Stroller Connectors","Baby"
"Baby Scales","Baby"
"Baby Bathtubs","Baby"
"Baby Bottles","Baby"
"Bassinets","Baby"
"Crib Accessories","Baby"
"Crib Toys","Baby"
"Baby Car Seat Covers","Baby"
"Baby Lotions","Baby"
"Baby Swings","Baby"
"Baby Walkers","Baby"
"Stroller & Car Seat Toys","Baby"
"Soft Baby Books","Baby"
"Reusable Training Pants","Baby"
"Baby Bouncer & Rocker Chairs","Baby"
"Baby Wipes","Baby"
"Baby & Toddler Car Seats","Baby"
"Baby Car Seat Back Protectors","Baby"
"Pregnancy & Nursing Pillow Covers","Baby"
"Baby Pacifiers","Baby"
"Baby Foods","Baby"
"Baby Feeding Chairs","Baby"
"Baby Jumping Exercisers","Baby"
"Shopping Cart & High Chair Covers","Baby"
"Diaper Changing Tables","Baby"
"Baby Formula","Baby"
"Diaper Changing Pads","Baby"
"Baby Bath Seats & Rings","Baby"
"Baby Food Storage & Dispensers","Baby"
"Diaper Rash Treatments","Baby"
"Art Prints","Art"
"Sculptures","Art"
"Canvas Art Prints","Art"
"Posters","Art"
"Paintings","Art"
"Photographic Art","Art"
"Tapestries","Art"
"Textile Art","Art"
"Mixed Media Art","Art"
